ID,mode,species,PC1,PC2,PC3,PC4,PC5,PC6,PC7,PC8,PC9,PC10,ld_PC1,ld_PC2,ld_PC3,ld_PC4,ld_PC5,ld_PC6,ld_PC7,ld_PC8,ld_PC9,ld_PC10,ID_down,species_down,mode_down,down_PC1,down_PC2,down_PC3,down_PC4,down_PC5,down_PC6,down_PC7,down_PC8,down_PC9,down_PC10,downLD_PC1,downLD_PC2,downLD_PC3,downLD_PC4,downLD_PC5,downLD_PC6,downLD_PC7,downLD_PC8,downLD_PC9,downLD_PC10,,,,,,,,,,,,
83_AB1_Lsb,1,2,0.0378276,-0.00924619,0.0655787,0.000411833,0.0308028,0.0772913,-0.0820553,0.126548,0.054761,-0.152447,0.0308929,-0.0135584,0.0657892,-0.00548129,0.0217322,-0.0108645,0.0452889,-2.33E-05,-0.00122066,0.194454,83_AB1_Lsb,2,1,0.067318,0.0202986,-0.0450267,0.195039,-0.0930528,-0.0480826,-0.130079,-0.128098,0.140554,-0.0497786,0.0690791,0.0284638,-0.0826844,-0.141159,-0.0615526,0.11659,0.146869,0.0330859,-0.091694,0.0230174,,,,,,,,,,,,
88_AB1_Lsb,1,2,0.0378712,-0.00876505,0.0662355,0.00058288,0.0315858,0.0739083,-0.0804981,0.121751,0.0535599,-0.146959,0.031074,-0.0135487,0.0668274,-0.00534701,0.0223839,-0.0109412,0.0440233,-0.000243234,-0.00139223,0.190668,88_AB1_Lsb,2,1,0.0684593,0.0209967,-0.04381,0.191531,-0.0927483,-0.0490661,-0.130286,-0.128734,0.138995,-0.052265,0.069837,0.0293117,-0.0794256,-0.136498,-0.0607413,0.111373,0.145055,0.0318754,-0.091488,0.0245617,,,,,,,,,,,,
ACF_1,1,2,0.0432437,-0.00888879,0.031131,0.00759391,0.0304058,0.102339,-0.0256912,0.115469,0.0245393,-0.192718,0.0386556,-0.0133166,0.0284214,0.00624889,0.021832,0.0227402,0.0746599,0.00651237,-0.00165974,0.166584,ACF_1,2,1,0.0304408,0.0185498,-0.0807901,0.152612,-0.00709981,0.187281,-0.0338384,0.0215737,0.0563497,0.00143386,0.0355258,0.0276528,-0.10058,-0.106133,-0.0142874,0.208122,0.00585408,0.0285661,-0.0371982,0.0227356,,,,,,,,,,,,
ACF_2,1,2,0.0438622,-0.00955038,0.0431226,0.00522356,0.031499,0.0998123,-0.0355484,0.135766,0.0409228,-0.246684,0.0396182,-0.0140763,0.0439716,0.00436102,0.0229815,0.0218644,0.0772353,0.0068826,-0.00257124,0.229039,ACF_2,2,1,0.0461146,0.019659,-0.0825906,0.209829,-0.0387993,0.266712,-0.0733655,0.0179903,0.119933,-0.0325788,0.0478881,0.029076,-0.0982963,-0.128213,-0.0309454,0.260614,0.0290008,0.0412422,-0.0668359,0.0204382,,,,,,,,,,,,
ACF_3,1,2,0.0438622,-0.00955038,0.0431226,0.00522356,0.031499,0.0998123,-0.0355484,0.135766,0.0409228,-0.246684,0.0396182,-0.0140763,0.0439716,0.00436102,0.0229815,0.0218644,0.0772353,0.0068826,-0.00257124,0.229039,ACF_3,2,1,0.0461146,0.019659,-0.0825906,0.209829,-0.0387993,0.266712,-0.0733655,0.0179903,0.119933,-0.0325788,0.0478881,0.029076,-0.0982963,-0.128213,-0.0309454,0.260614,0.0290008,0.0412422,-0.0668359,0.0204382,,,,,,,,,,,,
ACF_4,1,2,0.044291,-0.00883298,0.0434616,0.00607645,0.0287713,0.0929931,-0.0320621,0.115876,0.0311013,-0.188929,0.0383297,-0.0132361,0.041726,0.00410501,0.020391,0.0170708,0.0618657,0.00554816,-0.00168932,0.164195,ACF_4,2,1,0.0437867,0.0175876,-0.0667003,0.15177,-0.0241572,0.165084,-0.0398737,0.0105646,0.0663441,-0.014214,0.0480627,0.0261092,-0.0916996,-0.109393,-0.022991,0.198844,0.0199802,0.0323669,-0.0460383,0.00999504,,,,,,,,,,,,
BH_8_2,1,2,0.0406998,-0.00780962,0.0421157,0.00724682,0.003164,0.0412197,0.0030266,0.0224026,0.00271725,0.00622738,0.0349371,-0.011798,0.0397466,0.00492023,-0.000721529,0.0121526,0.0250148,0.00186557,-5.28E-05,0.0332012,BH_8_2,2,1,0.0416127,-0.0029639,-0.0288711,0.0311351,-0.00291674,0.014997,0.0476421,0.053136,-0.0324997,0.00301545,0.0461601,0.00106817,-0.0416818,-0.0191236,0.000594664,0.00579213,-0.0303705,0.0158794,0.0495281,-0.0832424,,,,,,,,,,,,
CEA_Larc_F_2,1,2,0.0378411,-0.00595855,0.0641758,0.00738004,0.007591,0.0529715,-0.0318513,0.0496474,0.0287691,0.0225308,0.0325056,-0.0102754,0.0612607,0.00350833,-5.68E-05,0.0037953,0.0251111,0.0028074,-0.00259958,0.0712927,CZA020_Ls,2,1,0.0728234,0.0461168,0.00673442,-0.0874649,0.0355254,-0.00632904,0.0380127,0.0945742,0.00917646,-0.25116,0.0690448,0.0457205,0.0323542,0.0911264,0.0302591,-0.0123868,-0.0191723,-0.0183999,0.00219035,0.0200217,,,,,,,,,,,,
CEA_Lsax_F_1,1,2,0.0372697,-0.00529071,0.0661295,0.00653855,0.00527952,0.0496825,-0.0324713,0.0468424,0.0279499,0.022209,0.0319697,-0.00980594,0.0629776,0.00266821,-0.00169947,0.00245872,0.0227365,0.00233936,-0.00276448,0.070287,CZA506_Ls,2,1,0.064966,0.0546522,0.0157569,-0.0895489,0.0429609,0.00172497,0.0271074,0.0666957,-0.0050224,-0.252664,0.0631055,0.0515136,0.0391996,0.090312,0.0346044,-0.0126699,-0.0258945,-0.0259493,-0.0147993,0.0270181,,,,,,,,,,,,
CZA005_Ls,1,2,0.0494834,-0.0131491,0.061399,-0.00468522,0.0464692,-0.0302463,0.0386075,-0.0861723,-0.0324981,0.0200326,0.044556,-0.0182407,0.0673566,-0.00562038,0.0476693,0.00474201,-0.00625101,0.00313053,0.00183116,-0.0901273,CZA524_Ls,2,1,0.0805144,0.0504488,0.0231084,-0.090955,0.0170936,-0.0371143,0.0185472,0.0619998,0.0200639,-0.264209,0.0767923,0.0493417,0.0451076,0.0928732,0.0199495,-0.0256006,-0.00209388,-0.0169863,-0.0121847,0.0303266,,,,,,,,,,,,
CZA020_Ls,1,2,0.0498976,-0.0138598,0.0632308,-0.00377911,0.0440465,-0.0286006,0.0371387,-0.0840356,-0.0298912,0.0152506,0.0450066,-0.0192083,0.0705231,-0.0047464,0.0448255,0.00373085,-0.00560891,0.00333808,0.000667659,-0.0856092,CZD309_Ls,2,1,0.0717943,0.0470589,0.00943897,-0.0850228,0.0335228,-0.00281381,0.0369066,0.0901436,0.00741385,-0.228772,0.0691375,0.0463651,0.0337634,0.0889417,0.0290471,-0.0115231,-0.0199189,-0.0170574,0.0041199,0.0165614,,,,,,,,,,,,
CZA506_Ls,1,2,0.0508943,-0.0137557,0.0571789,-0.0030902,0.0493834,-0.0355552,0.0372477,-0.0835721,-0.0337257,0.0178075,0.0453598,-0.0191472,0.0626547,-0.00493156,0.0526171,-0.000544403,-0.0140749,0.00209947,0.00208682,-0.0884389,CZD390_Ls,2,1,0.0776368,0.0490527,0.0168703,-0.0900115,0.0320803,-0.0165076,0.0357065,0.0890212,0.00985135,-0.233981,0.0737653,0.047923,0.0387425,0.0908161,0.0295585,-0.0186093,-0.0147684,-0.0185306,0.00569182,0.0176796,,,,,,,,,,,,
CZA524_Ls,1,2,0.0501461,-0.014342,0.0711483,-0.00636448,0.0473419,-0.042266,0.0269617,-0.0902921,-0.0224519,0.021402,0.0435217,-0.0196576,0.0786049,-0.00959464,0.0482161,-0.00877231,-0.0188465,0.00134568,-0.000261824,-0.0911741,CZD563_Ls,2,1,0.0756825,0.0518298,0.0229664,-0.087931,0.0301261,-0.0233634,0.023902,0.0642135,0.00866514,-0.256605,0.0727096,0.0495767,0.0436637,0.0897279,0.0292436,-0.0221635,-0.0119068,-0.0219127,-0.0120737,0.0278057,,,,,,,,,,,,
CZD309_Ls,1,2,0.0498966,-0.0132594,0.0633453,-0.00348162,0.0446491,-0.0301365,0.0365671,-0.0818926,-0.028443,0.0146524,0.0445794,-0.0182488,0.0694786,-0.00428408,0.0456579,0.00329876,-0.00851232,0.00325808,0.000645415,-0.0831034,CZD565_Ls,2,1,0.069559,0.0527472,0.0194136,-0.0913964,0.0276989,-0.011658,0.0197452,0.0538994,0.00538636,-0.252093,0.0677194,0.050581,0.0429261,0.0917548,0.0251556,-0.0179145,-0.0164121,-0.0204018,-0.0199289,0.0314296,,,,,,,,,,,,
CZD390_Ls,1,2,0.0501527,-0.013361,0.0680101,-0.00497601,0.0460139,-0.0351564,0.0354558,-0.0846241,-0.0296843,0.0192787,0.0446562,-0.0184405,0.0754106,-0.00653939,0.0472928,0.000698671,-0.0151187,0.00298709,0.00157227,-0.0888443,DER_Lten_F,2,1,0.0865292,0.0118661,-0.0119841,0.0547639,-0.0674827,-0.197761,0.113582,0.324639,0.151425,0.292902,0.0882994,0.0205501,-0.033696,-0.0286433,-0.037228,-0.061006,0.12322,0.0836567,0.490176,0.434183,,,,,,,,,,,,
CZD563_Ls,1,2,0.0508765,-0.0136942,0.0669529,-0.00569782,0.0476164,-0.0404615,0.0310844,-0.0854665,-0.0302043,0.0216391,0.0443403,-0.0191613,0.0736165,-0.00859847,0.0496064,-0.00591353,-0.0196023,0.00119119,0.00192888,-0.0878168,DER_Lten_M,2,1,0.086397,0.0114504,-0.0127176,0.0549366,-0.0670144,-0.196355,0.113584,0.324696,0.149788,0.286319,0.0879512,0.0198956,-0.0342264,-0.0282654,-0.0358505,-0.0609528,0.121965,0.0835223,0.49084,0.432748,,,,,,,,,,,,
CZD565_Ls,1,2,0.0509645,-0.0141581,0.0619047,-0.00473392,0.0484734,-0.0395337,0.0328232,-0.0869687,-0.025873,0.0194316,0.0443824,-0.0194305,0.0675043,-0.00739678,0.0505337,-0.00467976,-0.016354,0.00154402,0.000483121,-0.0908731,IMI_6_2,2,1,0.0775407,0.0714153,0.0557273,-0.101748,0.0507473,0.0221429,-0.0559179,-0.0920283,-0.0143307,0.109085,0.0709505,0.0603293,0.0727391,0.0799612,0.037772,-0.00902742,-0.00565407,-0.0392854,-0.0661191,0.0145873,,,,,,,,,,,,
DER_Lten_F,1,2,0.0435135,-0.00679178,0.084838,0.000244059,0.023148,0.0306783,-0.0382441,0.0186402,0.0280968,0.0213585,0.0371115,-0.011902,0.0851244,-0.00511537,0.0133636,-0.00560518,0.0130858,-0.00199662,-0.00220979,0.0564796,LR_11_Ls,2,1,0.0447956,-0.0532855,-0.011743,0.0152392,0.00258814,0.0138702,0.0549368,0.0493008,-0.0474639,0.011473,0.0498103,-0.061979,-0.0180291,-0.00459161,0.00294251,-0.0121807,-0.0362962,0.0128168,0.0471117,-0.10497,,,,,,,,,,,,
DER_Lten_M,1,2,0.0431913,-0.00712485,0.0843896,0.000255604,0.0224232,0.031058,-0.0380086,0.018334,0.026736,0.0216517,0.0366517,-0.0120188,0.084892,-0.00477381,0.0128902,-0.00535164,0.0136351,-0.00223118,-0.00239979,0.0566083,LR_14_Ls,2,1,0.041156,-0.0565352,-0.0200716,0.0187024,0.00754256,0.0224082,0.0527203,0.0510779,-0.0475515,0.0123079,0.0467619,-0.0632572,-0.0233862,-0.00419917,0.00468374,-0.00580284,-0.0378293,0.0111993,0.0462287,-0.100641,,,,,,,,,,,,
LR_11_Ls,1,2,0.0418083,-0.00807084,0.0458881,0.00635825,-0.0605096,0.0196775,0.00221652,0.00631351,-0.000671534,0.0245422,0.0361132,-0.012623,0.0431109,0.00327142,-0.051498,0.00470737,0.0127218,0.000792555,-0.00124384,0.0175067,NE_E2_439_Ls,2,1,0.0598518,0.0683678,0.0441134,-0.096351,0.0650598,0.0582869,-0.0472714,-0.0955149,-0.0375648,0.0901501,0.0561003,0.0578539,0.0640742,0.076154,0.0447091,0.00188518,-0.0275386,-0.0415653,-0.0755597,0.0166154,,,,,,,,,,,,
NE_E2_030_Lsax_F,1,2,0.048198,-0.0134509,0.0667372,-0.00914861,0.0571926,-0.0602756,0.0191525,-0.0638015,-0.0316709,0.00625536,0.0424118,-0.0187245,0.076755,-0.0138083,0.0663416,-0.0162134,-0.0436458,-0.000709885,0.00467822,-0.078651,NE_F1_087_Lsb,2,1,0.0562646,-0.00580492,-0.0489331,0.200152,-0.11219,-0.449885,0.0173256,-0.24079,-0.191421,-0.0972023,0.0605238,0.00100321,-0.136159,-0.255285,-0.101991,-0.503152,0.230399,-0.0475673,-0.174766,-0.0482953,,,,,,,,,,,,
NE_E2_159_Ls,1,2,0.0511385,-0.0136419,0.0492412,-0.00670898,0.0539372,-0.0552825,0.0372302,-0.0662597,-0.0414535,0.00149503,0.0466967,-0.0194838,0.05534,-0.00889456,0.0632928,-0.00354442,-0.036735,0.00335926,0.00537243,-0.0901493,NE_F1_333_Ls,2,1,-0.0114671,-0.0073831,-0.115576,0.121583,0.085936,0.148729,0.21043,-0.00390417,-0.425526,0.0260759,-0.00919423,0.000149757,-0.180863,-0.157593,0.102828,-0.0761354,-0.467002,-0.0853765,0.00864468,0.0673154,,,,,,,,,,,,
NE_E2_439_Ls,1,2,0.0518697,-0.0140624,0.0496971,-0.00623465,0.0544483,-0.0597856,0.0407096,-0.0679144,-0.0421043,0.00421279,0.0474522,-0.0197417,0.0572484,-0.00838504,0.0645967,-0.00242578,-0.0426302,0.00407157,0.00616681,-0.096373,NE_W1_331_Lsax_F,2,1,0.0692888,0.0198199,-0.0440824,0.193956,-0.09433,-0.0586228,-0.133031,-0.13184,0.142568,-0.050346,0.0704407,0.0282503,-0.0811843,-0.137807,-0.0616593,0.110598,0.149743,0.0324104,-0.0920473,0.0314001,,,,,,,,,,,,
NE_F1_134_Ls,1,2,0.0323514,-0.00340643,0.0134889,0.0197282,0.00695514,0.140846,-0.0235728,0.174131,-0.0329505,0.24022,0.029023,-0.00768155,0.011808,0.0148506,-8.04E-05,0.0217039,0.0645186,0.00390269,0.00433292,0.12075,NOR_Lsax_F_1,2,1,0.0625129,0.0135205,0.00460749,-0.0377168,-0.0265216,-0.029605,0.0409996,0.0479093,0.00290948,0.0193701,0.0641215,0.0166245,0.0145494,0.0479052,-0.0173282,-0.034654,-0.00603101,0.026957,0.0352688,-0.0652015,,,,,,,,,,,,
NE_F1_263_Lsb,1,2,0.0243028,2.24E-05,0.0503646,0.00627984,0.0122681,0.113823,-0.155547,0.199333,0.0779813,0.327017,0.0202106,-0.00539722,0.0463477,-0.00168321,0.00407917,-0.017001,0.0470331,-0.00506331,0.00303401,0.183327,NOR_Lsax_F_4,2,1,0.0644269,0.0129387,0.00311869,-0.0345863,-0.0265488,-0.0366241,0.0443266,0.0550486,0.00350091,0.0237924,0.0665155,0.0163605,0.0122224,0.0463429,-0.0175508,-0.0382666,-0.00393456,0.026867,0.0426505,-0.0694187,,,,,,,,,,,,
NE_F1_333_Ls,1,2,0.0318382,-0.00622602,-0.012336,0.021517,0.00619485,0.178003,0.00365635,0.176476,-0.0770698,0.24038,0.0302015,-0.00994229,-0.012972,0.0189707,-0.000860294,0.0377141,0.100336,0.00640824,0.00595672,0.124503,OBI_12_5,2,1,0.0593831,0.00381998,-0.025019,0.0609127,-0.0252084,-0.0291368,0.0285286,0.0495255,0.0165767,0.0178418,0.0633551,0.0120789,-0.0494847,-0.0494145,-0.0124916,0.0158336,0.024785,0.0247491,0.0612392,-0.0422026,,,,,,,,,,,,
NE_W1_331_Lsax_F,1,2,0.0375873,-0.00922298,0.0668853,0.000191381,0.0305446,0.0753032,-0.082903,0.122036,0.0540993,-0.147286,0.0304355,-0.0136757,0.0676876,-0.00602239,0.0211915,-0.0121904,0.0445766,-0.00152257,-0.00141217,0.192405,STA_Lsax_F_1,2,1,0.0769335,0.0345384,0.0184862,-0.0468014,0.00484162,-0.0405849,0.00483165,0.011502,0.0158941,0.0512262,0.0746684,0.0353153,0.02994,0.0524995,0.0120226,-0.0254937,0.0135069,-0.00424025,0.0120248,-0.0167083,,,,,,,,,,,,
NE_W1_356_Lsax_M,1,2,0.0399506,-0.00875676,0.0616106,0.00138836,0.0287601,0.0785883,-0.0744014,0.124189,0.0528651,-0.156894,0.0329799,-0.0135992,0.0613559,-0.004308,0.0188751,-0.0073059,0.0460779,3.77E-05,-0.00156624,0.188679,STA_Lsax_F_2,2,1,0.0713584,0.0353147,0.0189927,-0.0512478,0.0129499,-0.0182512,-0.00298364,-0.00490909,-0.000415926,0.0319064,0.0695333,0.0357669,0.0312365,0.0543211,0.0156048,-0.0187035,0.000980486,-0.0120032,-0.0101345,-0.0189578,,,,,,,,,,,,
NOR_Lsax_F_1,1,2,0.0449417,-0.00780486,0.0594841,-0.00109467,0.0164039,-0.013696,0.0122356,-0.0474241,0.0160685,0.0335262,0.0388014,-0.0125468,0.060699,-0.00367149,0.0133495,-0.00159531,-0.00314682,-0.00443309,-0.00557691,-0.036435,TCF_4,2,1,0.0732953,0.0716912,0.0540695,-0.101621,0.0528341,0.0353955,-0.0560396,-0.0921576,-0.016022,0.108079,0.067438,0.060623,0.0720613,0.0801697,0.0387903,-0.00340679,-0.010047,-0.0389841,-0.0690441,0.0147503,,,,,,,,,,,,
NOR_Lsax_F_3,1,2,0.0443156,-0.00750716,0.0686104,-0.00209557,0.0149071,-0.0106095,0.00600689,-0.0470239,0.0202339,0.0351441,0.0380342,-0.0124994,0.07084,-0.00491751,0.0108744,-0.00366204,-0.00133933,-0.00475326,-0.00618494,-0.0300541,TF9_157_Ls,2,1,0.0642577,0.0141964,0.00115093,-0.0305835,-0.0283488,-0.0431165,0.0457217,0.0680845,0.0106325,0.0313993,0.0654214,0.0174672,0.00970022,0.0434635,-0.0189341,-0.0367311,0.0010635,0.0289557,0.0574877,-0.0652935,,,,,,,,,,,,
OBI_12_5,1,2,0.0414652,-0.00796132,0.0593585,0.00422818,0.0146061,0.0472952,-0.0256095,0.0465931,0.0114069,-0.0209631,0.0350932,-0.0123871,0.0577509,-0.000138321,0.00575245,0.00180972,0.0237905,0.000501792,0.000633661,0.062705,TF_155_La,2,1,0.0557032,0.0177915,-0.00451115,-0.0307761,-0.0220444,-0.0196718,0.0494018,0.0665088,-0.00177934,0.0279425,0.0578532,0.0204998,0.00584692,0.0439045,-0.0161241,-0.0283786,-0.0137843,0.0279255,0.0508393,-0.0625416,,,,,,,,,,,,
PSM2_4_4,1,2,0.0401778,-0.00631805,0.055394,0.004406,0.000515021,0.0350659,-0.00744686,0.0169188,0.0130259,0.0145648,0.0343372,-0.0105533,0.0532823,0.00118532,-0.00281065,0.00632926,0.0180185,0.00157925,-0.00227266,0.0329533,TWF_1,2,1,0.0614783,0.0707969,0.0452675,-0.103198,0.0581563,0.0456781,-0.0557602,-0.101271,-0.0253532,0.0939893,0.0578346,0.0603933,0.0674272,0.0825647,0.0393873,-0.00181388,-0.0186684,-0.0398915,-0.0766435,0.020059,,,,,,,,,,,,
STA_Lsax_F_1,1,2,0.0469236,-0.00997978,0.0697481,-0.00548061,0.034241,-0.0289739,0.012148,-0.0522649,-0.0144154,0.0171816,0.0404731,-0.0149743,0.0751227,-0.0090133,0.0332506,-0.00700102,-0.0159431,-0.00110836,0.00040154,-0.04743,TWF_4,2,1,0.0547828,0.0717602,0.0460912,-0.0985625,0.0686905,0.0655229,-0.0594175,-0.107867,-0.0341064,0.103848,0.0523035,0.0599653,0.0675112,0.0775478,0.0453733,0.0065101,-0.0251995,-0.0450596,-0.0821579,0.021399,,,,,,,,,,,,
TCF_4,1,2,0.0527799,-0.0138187,0.060947,-0.00920787,0.0570393,-0.0680652,0.0358478,-0.0739923,-0.038182,0.00299874,0.0475968,-0.0195985,0.0708361,-0.0126144,0.0674046,-0.00828521,-0.0507864,0.00367071,0.00525261,-0.102287,W_sax_01_Ls,2,1,0.0347951,0.0152375,-0.0800121,0.149235,-0.0197244,0.181091,-0.0318914,0.0142019,0.0613565,-0.0179459,0.0392005,0.0256705,-0.100421,-0.106093,-0.0215945,0.206869,0.00850899,0.0335071,-0.0459935,0.0142757,,,,,,,,,,,,
TF9_153_Ls,1,2,0.0445436,-0.00788926,0.0684904,-0.00174516,0.0164244,-0.00989936,0.00514024,-0.0449092,0.0179573,0.0348474,0.0380015,-0.0129065,0.0703343,-0.00447675,0.0123666,-0.00313401,-0.00159134,-0.00221103,-0.00520029,-0.0280146,W_sax_04_Ls,2,1,0.0362082,0.0135363,-0.0796612,0.153175,-0.0203242,0.1671,-0.0338952,0.0266012,0.0627036,0.000720251,0.0407643,0.0245107,-0.100982,-0.107586,-0.0220862,0.201101,0.0122423,0.0325052,-0.0300558,0.0214737,,,,,,,,,,,,
TF9_157_Ls,1,2,0.0446068,-0.00753835,0.0610176,-0.00247173,0.0175076,-0.00903598,0.00875767,-0.0439388,0.0170009,0.0333178,0.0380675,-0.0125706,0.0626404,-0.00502017,0.0142084,-0.000930987,0.000172241,-0.00274799,-0.00562991,-0.0296285,York_B-12_Ls,2,1,0.0754894,-0.46677,0.102529,-0.0381438,0.0223569,0.0244051,-0.0321048,-0.0328052,0.00769895,-0.00627147,0.0786607,-0.473247,0.0770536,0.00899133,0.0109703,0.0190944,0.00143789,-0.014661,-0.0327552,0.027471,,,,,,,,,,,,
TWF_1,1,2,0.0514058,-0.0138472,0.0517909,-0.00890345,0.0568897,-0.0636798,0.0360894,-0.0762153,-0.0383583,0.00443473,0.046821,-0.0199211,0.0592527,-0.0119499,0.0668023,-0.00782018,-0.0421376,0.00347192,0.00431686,-0.103579,York_B-1_Ls,2,1,0.0771278,-0.482285,0.105774,-0.0399445,0.0221925,0.0227052,-0.0331372,-0.0355319,0.00869297,-0.0067592,0.0794186,-0.482463,0.0788355,0.00902819,0.0106405,0.0176279,0.00301061,-0.0145006,-0.0338749,0.0273018,,,,,,,,,,,,
TWF_2,1,2,0.0526467,-0.0137749,0.0563499,-0.00819659,0.056304,-0.0667922,0.0345435,-0.0722507,-0.0407757,0.00217781,0.0479388,-0.0198969,0.0649745,-0.0117533,0.0661654,-0.00906962,-0.0476614,0.00379343,0.0053117,-0.0997725,York_T-3_Ls,2,1,0.0648571,-0.439742,0.0903838,-0.036421,0.0283466,0.0444227,-0.0264908,-0.0307707,-0.00148236,-0.00654003,0.0695618,-0.452552,0.0702841,0.00964198,0.0138595,0.0258363,-0.00987176,-0.0147025,-0.0353853,0.0265846,,,,,,,,,,,,
TWF_3,1,2,0.05154,-0.0133788,0.0510655,-0.00858201,0.0579862,-0.0674921,0.0383662,-0.0751351,-0.0389006,0.00456874,0.0470768,-0.0193067,0.0587835,-0.0115211,0.0694505,-0.00680184,-0.0476316,0.00362384,0.00493522,-0.106377,York_T-9_Ls,2,1,0.0785227,-0.465851,0.104209,-0.0376475,0.0206407,0.0183396,-0.0313553,-0.0320381,0.0101769,-0.00450772,0.0808901,-0.471535,0.0777921,0.00840053,0.0102535,0.0160922,0.00455915,-0.0137955,-0.0307513,0.0260176,,,,,,,,,,,,
NOR_Lsax_F_2,1,2,0.0453518,-0.00798392,0.0556934,-0.000490056,0.0166075,-0.0113561,0.0136782,-0.0454629,0.0156074,0.0334882,0.039361,-0.0130385,0.0565631,-0.00305696,0.0139941,3.78E-05,-0.00164874,-0.00459992,-0.00518019,-0.0353401,TF9_153_Ls,2,1,0.072147,0.0122196,0.0033079,-0.0286584,-0.0341922,-0.0602797,0.0512364,0.0835803,0.0202283,0.0351798,0.0729745,0.0161859,0.0100169,0.0431003,-0.0212301,-0.0421563,0.0104747,0.0327351,0.0712781,-0.0704601,,,,,,,,,,,,
STA_Lsax_F_2,1,2,0.0469826,-0.0111546,0.0643703,-0.00478987,0.0344335,-0.0296629,0.0177265,-0.0522236,-0.0168111,0.014881,0.0406392,-0.0160892,0.0693498,-0.00764316,0.0338152,-0.00423006,-0.0170842,0.000788429,0.000893924,-0.0514043,WS_female_Ls,2,1,0.0732436,0.0194032,0.00730881,-0.0349003,-0.019103,-0.037993,0.039072,0.0711203,0.0197053,0.00166376,0.0732267,0.0223569,0.016148,0.0485662,-0.00948788,-0.0287884,0.00603675,0.0198435,0.0489851,-0.0432798,,,,,,,,,,,,
SWE_Lten_F,1,2,0.0502158,-0.0123774,0.0753695,-0.00496502,0.0439937,-0.0351488,0.0263767,-0.0770805,-0.0248935,0.017849,0.044206,-0.017622,0.0832569,-0.0078278,0.0452475,-0.0039303,-0.0180714,0.00149109,0.000947736,-0.0762787,WS_male_Ls,2,1,0.0741315,0.0189922,0.00866754,-0.0331218,-0.020491,-0.0434909,0.0387799,0.0695329,0.0202611,0.00673761,0.0745664,0.0215452,0.0169539,0.0468681,-0.00939002,-0.0307249,0.00764306,0.0196055,0.04889,-0.0409958,,,,,,,,,,,,
BUR_Lsax_F,1,6,-0.133347,-0.0347394,-0.0521311,0.673851,0.0156509,-0.0760451,-0.103391,-0.0445698,-0.0104855,0.00534861,-0.0834525,-0.0026084,-0.0579652,0.646922,0.0168659,-0.25056,-0.021203,0.00116321,0.00668276,-0.0269903,CEA_Larc_F_2,2,1,0.0630697,-0.00304365,-0.0288073,0.073056,-0.0496425,-0.109959,0.0942415,0.177357,0.0342675,0.160181,0.0677733,0.00426536,-0.0585696,-0.0580125,-0.0342431,-0.0434641,0.0606989,0.071141,0.294165,-0.499218,,,,,,,,,,,,
BUR_Lsax_M,1,6,-0.132463,-0.0343312,-0.0538859,0.670218,0.0126469,-0.069955,-0.0938746,-0.0431367,0.00561447,-0.0264549,-0.0824368,-0.00142151,-0.0616194,0.646228,0.0131765,-0.242898,-0.00750545,0.00099227,-0.00795081,-0.0184921,CEA_Lsax_F_1,2,1,0.0648441,-0.00494605,-0.0260629,0.0725057,-0.0499814,-0.113849,0.0920255,0.178141,0.0359772,0.166925,0.069664,0.00177557,-0.0554216,-0.0561062,-0.0337855,-0.0446709,0.0636163,0.0688902,0.294126,-0.495985,,,,,,,,,,,,
ER_EA1_073_Ls,1,6,-0.28969,-0.141464,0.0434875,-0.11983,1.32E-05,-0.0304067,-0.250533,-0.0696298,-0.0282954,-0.00466305,-0.340937,-0.110172,0.0347718,-0.134341,-0.00277063,-0.212396,0.0474169,0.00618573,0.0018376,-0.0032447,NE_E1_022_Lsb,2,1,0.0794949,0.0652432,0.0481769,-0.0670798,0.0257626,-0.0248943,-0.0816811,-0.131358,0.00674432,0.0779759,0.0737244,0.0572197,0.0616125,0.0599157,0.0252485,-0.0180226,0.0240991,-0.0368264,-0.0838361,0.0240046,,,,,,,,,,,,
ER_EA1_463_Ls,1,6,-0.234154,-0.105195,0.0075239,-0.00829613,0.0036392,0.0335211,0.325162,0.0830221,0.0372019,0.00162944,-0.216889,-0.0562546,-0.0141493,0.087072,0.0109277,0.355106,-0.0905901,-0.00730516,-0.0034928,-0.00887944,NE_E2_023_Lsb,2,1,0.0856712,0.0673754,0.0462274,-0.0699861,0.0261565,-0.0314925,-0.0847584,-0.133369,0.009528,0.0810288,0.0784713,0.0584096,0.0593283,0.0630263,0.0246005,-0.0202999,0.0276916,-0.0374966,-0.0839086,0.0235851,,,,,,,,,,,,
ER_EA1_468_Ls,1,6,-0.239339,-0.108434,0.00577454,-0.00616751,0.00378935,0.0386833,0.358801,0.0937678,0.0381104,0.00211482,-0.21445,-0.0560763,-0.0155585,0.0907782,0.0113258,0.363704,-0.0921079,-0.00747849,-0.00239296,-0.00475139,NE_E2_030_Lsax_F,2,1,0.079194,0.070807,0.048006,-0.0750938,0.035566,-0.00918908,-0.078018,-0.1321,-0.00332695,0.0879524,0.0726623,0.0606491,0.0619359,0.0643495,0.0294296,-0.0154848,0.0147012,-0.0387526,-0.085632,0.0239872,,,,,,,,,,,,
ER_EA2_029,1,6,-0.243578,-0.113247,0.0133656,-0.0272101,0.00354477,0.022548,0.222674,0.0562421,0.0241652,0.00182947,-0.240032,-0.068309,-0.00584282,0.0501325,0.00897061,0.26238,-0.0679447,-0.00752092,-0.00243322,-0.0056481,NE_E2_151_Ls,2,1,0.0566749,0.0672242,0.0344022,-0.0907483,0.0657741,0.0679987,-0.047886,-0.0925816,-0.036705,0.0888289,0.0540222,0.0578678,0.0565568,0.0755353,0.0434757,0.00834666,-0.0296656,-0.0413511,-0.076244,0.0167765,,,,,,,,,,,,
ER_EB1_100_Ls,1,6,-0.291495,-0.1431,0.0418588,-0.117959,-0.00102546,-0.0279938,-0.228792,-0.0652156,-0.0271718,-0.00431856,-0.33954,-0.110438,0.0322342,-0.126655,-0.00362866,-0.184641,0.0411098,0.00496003,0.00149605,-0.00625387,NE_E2_159_Ls,2,1,0.0577465,0.0669005,0.0385072,-0.0903366,0.0650213,0.0567019,-0.0520214,-0.101442,-0.0354008,0.090786,0.055338,0.0571365,0.0591829,0.0737374,0.0439041,0.00388462,-0.0244709,-0.0421255,-0.0779536,0.0169379,,,,,,,,,,,,
ER_EB1_101_Ls,1,6,-0.290942,-0.141962,0.0431271,-0.119196,-0.000464624,-0.0292893,-0.245999,-0.0686932,-0.0288071,-0.00448874,-0.339824,-0.10968,0.0342615,-0.132044,-0.00316109,-0.206833,0.0463981,0.00601596,0.00101375,-0.00391711,NE_E2_382_Ls,2,1,0.0713788,0.0643459,0.0416508,-0.0915589,0.0537296,0.033508,-0.0515192,-0.0924967,-0.0212156,0.0914489,0.0670282,0.056258,0.0614185,0.0767098,0.0389301,-0.00405674,-0.0122977,-0.0387356,-0.0706421,0.0127251,,,,,,,,,,,,
NE_E1_367_La,2,1,0.0261783,0.00363747,-0.16196,-0.0394924,0.0192015,-0.213722,-0.0184644,0.141471,-0.0289502,-0.00866214,0.0331647,-0.00372397,-0.183043,-0.0539448,0.0258132,-0.0582122,-0.232173,0.00477481,0.0185547,0.0735029,NE_F1_003_Ls,2,1,-0.00883833,-0.00700881,-0.111542,0.119503,0.0734303,0.130585,0.206682,-0.00505142,-0.398575,0.0214304,-0.00645288,0.00116581,-0.174903,-0.156295,0.0946438,-0.0793877,-0.443173,-0.0744819,0.0103723,0.0648921,,,,,,,,,,,,
NE_E2_140_La,2,1,0.0265864,0.0033537,-0.164011,-0.038409,0.0194035,-0.21555,-0.0157594,0.142733,-0.0322738,-0.00665897,0.0336882,-0.00409353,-0.185824,-0.0526182,0.0268241,-0.057526,-0.238573,0.00593091,0.0204832,0.0721574,NE_F1_134_Ls,2,1,0.0133325,-0.00528879,-0.0762247,0.123012,0.0232964,0.0421071,0.15401,-0.0150157,-0.320507,0.0206654,0.0165372,0.00123052,-0.147451,-0.170512,0.0471202,-0.134029,-0.319168,-0.0623546,0.014986,0.0291992,,,,,,,,,,,,
NE_E2_158_La,2,1,0.0269084,0.00269906,-0.162528,-0.0387172,0.0193431,-0.215562,-0.01577,0.142723,-0.0309988,-0.00912487,0.0335544,-0.00461593,-0.184232,-0.0530714,0.0259297,-0.0573541,-0.237549,0.00592068,0.0197782,0.0736902,NE_F1_263_Lsb,2,1,0.046912,0.000612246,-0.050808,0.207619,-0.119025,-0.451042,-0.068948,-0.317971,-0.122346,-0.0975576,0.0512557,0.00713025,-0.134512,-0.253981,-0.116931,-0.454264,0.290738,-0.0691328,-0.267489,0.117297,,,,,,,,,,,,
NE_E2_429_La,2,1,0.026709,0.00317588,-0.163067,-0.0386446,0.0199756,-0.217988,-0.0157685,0.144928,-0.0325806,-0.00804103,0.0336032,-0.00420274,-0.184378,-0.0530425,0.0276743,-0.0578576,-0.242618,0.00570027,0.0204095,0.0741305,NE_F1_373_Lsb,2,1,0.0203328,-0.00274146,-0.0690444,0.116921,0.0211294,0.0293207,0.164854,0.00161459,-0.316597,0.038138,0.0234668,0.00261833,-0.139692,-0.164244,0.0478115,-0.138223,-0.316641,-0.0546268,0.0429997,0.0123404,,,,,,,,,,,,
NE_E4_Larc_F_1,2,1,0.0272001,0.00308095,-0.158835,-0.0391479,0.0194931,-0.217974,-0.0165255,0.142175,-0.029852,-0.00733712,0.0336284,-0.0041491,-0.179401,-0.0536651,0.0263926,-0.0587343,-0.242437,0.00563561,0.0196986,0.0721288,NE_W1_356_Lsax_M,2,1,0.062824,0.0169173,-0.0461798,0.187157,-0.0855351,-0.0186201,-0.114951,-0.102958,0.129929,-0.0571161,0.0652898,0.0260981,-0.0828266,-0.135618,-0.0574884,0.128814,0.127918,0.035022,-0.0823146,0.0212039,,,,,,,,,,,,
NE_F1_137_La,2,1,0.0118664,0.0139911,-0.195065,-0.0120669,-0.0283922,0.181764,0.0112716,-0.0982487,-0.329605,-0.000306991,0.0225579,0.00328585,-0.168448,-0.0102256,-0.0249511,0.0303348,0.172996,0.00726487,0.0339898,-0.0180139,NOR_Lsax_F_2,2,1,0.0583403,0.0139937,0.00270103,-0.0369577,-0.0231182,-0.0252584,0.0486213,0.0597461,0.000544736,0.0377127,0.0603387,0.0166923,0.0124613,0.0467149,-0.0161586,-0.0326074,-0.0107632,0.0290782,0.0492941,-0.0593512,,,,,,,,,,,,
NE_F1_338_La,2,1,0.0110934,0.0147755,-0.191525,-0.0116862,-0.0289977,0.177609,0.0033911,-0.0954104,-0.326968,0.00274823,0.0216258,0.00374399,-0.164454,-0.0105843,-0.0260241,0.0259633,0.166597,0.00643157,0.0341916,-0.0134939,PSM2_4_4,2,1,0.0549806,-0.00476713,-0.0201483,0.0315852,-0.0202331,-0.0269192,0.0535142,0.0841347,-0.00755308,0.0270456,0.0592023,-0.00156626,-0.0364995,-0.0179578,-0.0134052,-0.0148269,0.000393174,0.0259679,0.0957565,-0.122201,,,,,,,,,,,,
NOR_Larc_F_1,2,1,0.0238155,0.0075917,-0.147545,-0.0244949,-0.00994898,0.0261994,0.00136138,-0.125596,0.288035,0.067082,0.0297772,-0.000226475,-0.150056,-0.0265227,-0.0193544,0.00681027,0.128632,-0.0236066,-0.0859252,-0.166132,SWE_Lten_F,2,1,0.0855369,0.0470567,0.020603,-0.0769584,0.0215232,-0.0309904,0.0317649,0.0871698,0.0211997,-0.189383,0.0811231,0.0456019,0.0377648,0.0807434,0.0234879,-0.0216031,-0.00121835,-0.0128926,0.0188656,0.0239522,,,,,,,,,,,,
NOR_Larc_F_2,2,1,0.0236541,0.00632417,-0.148347,-0.0237518,-0.00896808,0.0248574,0.00410803,-0.122142,0.284395,0.0667816,0.0298092,-0.00126653,-0.151537,-0.0259784,-0.0183052,0.0085589,0.123898,-0.0232176,-0.0845327,-0.164021,SWE_Lten_M,2,1,0.0887421,0.0442178,0.0216088,-0.0787669,0.0160782,-0.038532,0.0322098,0.0955847,0.0281561,-0.19862,0.0842887,0.0440034,0.0392572,0.0833285,0.0201879,-0.0233428,0.0043366,-0.0117882,0.0213676,0.0206409,,,,,,,,,,,,
NOR_Larc_F_3,2,1,0.0236269,0.00661284,-0.141761,-0.0250754,-0.00791598,0.020511,0.00273193,-0.128997,0.298146,0.0725792,0.0289955,-0.000874239,-0.143746,-0.0272614,-0.017447,0.00598762,0.121079,-0.0257414,-0.0885649,-0.173032,TCF_1,2,1,0.0752453,0.0730841,0.0506431,-0.104897,0.0577885,0.035783,-0.0517442,-0.0894854,-0.016209,0.108442,0.0685781,0.0618148,0.0698205,0.0826767,0.0413853,-0.00440863,-0.0109712,-0.0389978,-0.0666213,0.014844,,,,,,,,,,,,
NOR_Larc_F_4,2,1,0.0233599,0.00677107,-0.143053,-0.0254153,-0.00829965,0.0213774,0.00332716,-0.129087,0.296848,0.0718766,0.0288813,-0.000581682,-0.144944,-0.0277078,-0.0179059,0.00736716,0.123143,-0.0255201,-0.0881393,-0.174099,TCF_2,2,1,0.0756678,0.0729791,0.0562421,-0.103708,0.0544638,0.0326762,-0.0568026,-0.0932867,-0.0157214,0.109512,0.0690912,0.0617272,0.0735063,0.0810187,0.0391351,-0.00526599,-0.0081155,-0.0397837,-0.0682942,0.0144412,,,,,,,,,,,,
STA_Larc_F_1,2,1,0.0204629,0.00630227,-0.187156,-0.0332227,0.00451894,-0.140865,-0.0174455,0.110552,-0.0209638,-0.00439274,0.0282372,-0.00173806,-0.192826,-0.0401399,0.00608583,-0.0332067,-0.118804,0.00302852,0.00842204,0.0510043,TWF_2,2,1,0.067361,0.0702719,0.0509876,-0.0993536,0.0594495,0.0437821,-0.056446,-0.0976974,-0.0215858,0.107253,0.0627741,0.0597825,0.0704921,0.0782911,0.0417489,-0.00106474,-0.0139127,-0.0410636,-0.0733734,0.0159457,,,,,,,,,,,,
STA_Larc_F_2,2,1,0.0202852,0.00665396,-0.187615,-0.033794,0.00403931,-0.144081,-0.0184826,0.112216,-0.0240845,-0.0034789,0.0281216,-0.00142904,-0.191277,-0.0403937,0.00532445,-0.0341795,-0.12105,0.00293686,0.00930018,0.0517706,TWF_3,2,1,0.0612699,0.0737799,0.0504509,-0.106047,0.0601612,0.0499583,-0.0550899,-0.101009,-0.0277485,0.0971015,0.0573841,0.061758,0.0716161,0.0821329,0.0403893,-0.00149356,-0.019974,-0.040006,-0.0766896,0.019407,,,,,,,,,,,,
TF_130_La,2,1,0.0221117,0.00632605,-0.156037,-0.02489,-0.00916874,0.0255416,0.00666873,-0.112614,0.263599,0.0594724,0.0281676,-0.00112429,-0.153123,-0.0256472,-0.0163357,0.0126808,0.113475,-0.0180638,-0.0740103,-0.145908,W_sax_02_Ls,2,1,0.0231424,0.0150711,-0.0841645,0.146858,-0.00712248,0.188049,-0.0306129,0.000275177,0.039676,-0.0251693,0.0285382,0.0255839,-0.103984,-0.106813,-0.0134977,0.206005,-0.00725681,0.0265449,-0.0586501,0.0217853,,,,,,,,,,,,
TF_155_La,2,1,0.044548,-0.00768004,0.053242,-0.00015066,0.0204019,-0.00492409,0.0149983,-0.0420031,0.0158858,0.0306813,0.0383758,-0.0122309,0.0538177,-0.00186129,0.0180249,0.0035091,0.00419763,-0.00205023,-0.00574393,-0.0291392,W_sax_03_Ls,2,1,0.0443125,0.0152418,-0.0676305,0.151488,-0.0222866,0.162827,-0.0393234,0.016971,0.0681399,-0.0146909,0.0477713,0.025145,-0.0925174,-0.107972,-0.0225384,0.198079,0.0222297,0.0310651,-0.0422786,0.0101823,,,,,,,,,,,,
CEA_Larc_F_1,2,0,-0.187301,0.490146,0.0694204,-0.0216247,0.00642564,-0.0225812,0.0051183,0.00665733,-0.00325848,-0.0380048,-0.122499,0.524591,0.0501015,-0.0277597,0.00759807,-0.00747551,-0.0338186,0.368975,-0.341388,0.00911376,CZA005_Ls,2,1,0.0694624,0.0490446,0.00702821,-0.0915977,0.0374379,-0.00867104,0.0442224,0.0900569,0.00558223,-0.253251,0.0669708,0.0482918,0.0339368,0.0933989,0.0329156,-0.0167191,-0.0219793,-0.0178503,0.00123647,0.0211278,,,,,,,,,,,,
NE_F1_141_Lc,2,0,-0.144355,0.393805,0.00812763,-0.0186493,-0.00220592,0.0357932,0.0110429,-0.0185485,-0.133561,-0.0137127,-0.0809391,0.375372,-0.0108213,-0.0213194,-0.00592513,0.0133418,0.0876121,0.123453,0.88315,-0.081277,NOR_Lsax_F_3,2,1,0.0725701,0.0107402,0.00316364,-0.0308534,-0.036845,-0.0607266,0.0504068,0.0767382,0.0221291,0.0439164,0.0730298,0.0147297,0.0106822,0.0454456,-0.0232651,-0.0423677,0.0105341,0.0349829,0.0668648,-0.0697362,,,,,,,,,,,,
NOR_Lcom_F,2,0,-0.166792,0.44814,0.0703494,-0.0251604,0.00712173,-0.0352742,-0.0150327,-0.0168801,0.118123,0.0685632,-0.107264,0.466135,0.052071,-0.0306328,0.00665319,-0.0276173,-0.0319151,-0.862538,-0.0837341,0.0236049,TCF_3,2,1,0.0771437,0.0679536,0.0506575,-0.0972492,0.0466314,0.0244161,-0.0487029,-0.0691864,-0.00442135,0.117326,0.0709825,0.0585673,0.0689316,0.0798885,0.0351944,-0.00454252,-0.00330117,-0.0347051,-0.0497243,0.0176344,,,,,,,,,,,,
NOR_Lsax_F_4,1,2,0.0442664,-0.00737535,0.0618895,-0.00131435,0.0162607,-0.0115946,0.011614,-0.0461555,0.0160463,0.0361423,0.0380377,-0.0123167,0.0625621,-0.0036761,0.0129555,-0.000590126,-0.00204714,-0.00397907,-0.00516412,-0.033572,TF_130_La,1,2,-0.154135,-0.0178028,-0.103726,-0.156068,-0.279232,0.0491029,0.0629632,-0.0520243,0.0146254,0.00524365,-0.154705,-0.0076536,-0.0188462,0.110068,-0.267998,-0.0307582,-0.0873109,0.196082,-0.050131,0.0217516,,,,,,,,,,,,
TCF_2,1,2,0.0526559,-0.0136682,0.0626277,-0.00930967,0.0581606,-0.0697397,0.0345224,-0.0753827,-0.0387476,0.00395536,0.0477024,-0.0196162,0.0732646,-0.0132828,0.0686429,-0.0101351,-0.0526047,0.0032205,0.00504595,-0.104439,W_arc_03_La,1,2,-0.176953,-0.030676,-0.179415,-0.0534268,0.0931594,-0.0715918,-0.31432,0.151522,-0.101757,0.00814817,-0.195392,-0.0255035,-0.145336,0.121186,-0.0889158,0.047131,0.0705703,-0.333165,0.0566324,-0.0106544,,,,,,,,,,,,
TCF_3,1,2,0.0524525,-0.0135529,0.064694,-0.00870617,0.05531,-0.0652654,0.0339929,-0.0744024,-0.0352072,0.00194599,0.0472387,-0.0193339,0.0747935,-0.0119094,0.0641068,-0.00787781,-0.0475658,0.00372192,0.00449239,-0.0978512,W_arc_04_Lamerged_sorted.bam,1,2,-0.173973,-0.0284821,-0.174411,-0.0533578,0.0908587,-0.0592169,-0.304942,0.151972,-0.102377,0.00667584,-0.192836,-0.0233132,-0.142657,0.120297,-0.0900862,0.0510163,0.064499,-0.329655,0.0555546,-0.00920209,,,,,,,,,,,,
IMI_6_2,1,2,0.0523643,-0.0136341,0.0645518,-0.00953072,0.0568079,-0.0691985,0.0323007,-0.0751262,-0.0378816,0.00661739,0.0469446,-0.0196014,0.0751616,-0.0135028,0.0670916,-0.0113028,-0.0517957,0.00257447,0.00528418,-0.102941,NE_E2_429_La,1,2,-0.183323,0.0411965,0.251587,0.0813565,-0.001435,0.00460047,0.00758635,0.0210963,-0.00372775,-0.00783004,-0.160103,0.0285224,0.218307,-0.148785,0.0371895,0.00775549,0.00561921,-0.0125586,0.0253556,-0.00480825,,,,,,,,,,,,
LR_14_Ls,1,2,0.0415499,-0.00800422,0.0429355,0.00752745,-0.0615923,0.02493,0.00199122,0.00643838,-0.00179771,0.0195654,0.0363629,-0.0125595,0.0394535,0.0046131,-0.0540975,0.00615576,0.0207816,0.00128235,-0.00252118,0.0216742,NE_E4_Larc_F_1,1,2,-0.178239,0.0399304,0.251901,0.0793328,-0.00732126,-0.000213106,0.00793165,0.0236701,-4.27E-05,-0.00819366,-0.155788,0.0280346,0.218443,-0.14644,0.0339784,0.0060369,0.00778631,-0.0108534,0.0269486,-0.00565373,,,,,,,,,,,,
NE_E1_022_Lsb,1,2,0.0479907,-0.0140237,0.0680128,-0.0100377,0.0538859,-0.0600428,0.0145256,-0.0608732,-0.0284485,0.0056883,0.0414486,-0.0192286,0.0773462,-0.0149114,0.0608757,-0.0183735,-0.0428947,-0.0011871,0.00404551,-0.0711822,NE_E4_Larc_F_2,1,2,-0.18222,0.0408902,0.2554,0.0798974,-0.00274199,0.00167088,0.00853971,0.021124,-0.00287017,-0.00981229,-0.158174,0.0283152,0.221074,-0.147907,0.0363284,0.0062397,0.00648432,-0.0121508,0.0251448,-0.00534697,,,,,,,,,,,,
NE_E2_023_Lsb,1,2,0.0474481,-0.0140448,0.0727023,-0.00994291,0.0551267,-0.058093,0.0135756,-0.0642352,-0.0283104,0.00627369,0.0409366,-0.0193526,0.083417,-0.0150379,0.0630032,-0.0188174,-0.0411217,-0.000987821,0.0039121,-0.0741249,NE_F1_007_La,1,2,-0.172386,-0.0319554,-0.175788,-0.0206036,0.265797,-0.0545161,0.201934,-0.127755,0.198497,0.00466232,-0.197185,-0.031901,-0.179824,0.106793,0.317634,-0.0364952,0.0930745,0.185672,-0.0341931,0.00412759,,,,,,,,,,,,
NE_E2_151_Ls,1,2,0.0515313,-0.0137318,0.0477461,-0.00617828,0.0546226,-0.0522777,0.0407409,-0.0667669,-0.0405445,-0.000793457,0.0472539,-0.0193007,0.0540527,-0.00773021,0.0638544,0.000594779,-0.0335769,0.00423398,0.00543152,-0.0899606,NE_F1_137_La,1,2,-0.171575,-0.0313371,-0.17488,-0.0207525,0.269343,-0.05436,0.20868,-0.13739,0.20331,0.00938007,-0.196987,-0.0321736,-0.181123,0.108864,0.326693,-0.0371382,0.0950242,0.197405,-0.0391785,0.00681211,,,,,,,,,,,,
NE_E2_382_Ls,1,2,0.0518016,-0.0135313,0.0608863,-0.00796769,0.053287,-0.0580191,0.0319355,-0.0712484,-0.0382969,0.00447198,0.0466018,-0.0193079,0.0690583,-0.0110954,0.0609583,-0.00781389,-0.0385357,0.00274739,0.00443959,-0.0918163,NE_F1_338_La,1,2,-0.167904,-0.0323982,-0.168128,-0.0152771,0.255135,-0.0702241,0.211398,-0.13856,0.215574,0.00982828,-0.193906,-0.0329542,-0.178187,0.103027,0.321769,-0.0463036,0.110015,0.20792,-0.0335059,0.0069,,,,,,,,,,,,
NE_F1_003_Ls,1,2,0.031632,-0.00599287,-0.0095079,0.0202027,0.00695071,0.171604,0.00373631,0.17364,-0.0701333,0.234551,0.0297143,-0.00974072,-0.0102401,0.0175782,-0.000780792,0.038883,0.096066,0.00582356,0.00667007,0.121617,NOR_Larc_F_2,1,2,-0.15265,-0.0199612,-0.112245,-0.176223,-0.322679,0.0658577,0.074794,-0.0741304,0.0105337,0.00761392,-0.14726,-0.00761109,-0.0184519,0.118791,-0.28987,-0.0337859,-0.100831,0.217409,-0.0637477,0.0257291,,,,,,,,,,,,
NE_F1_087_Lsb,1,2,0.0301836,-0.00461479,0.0585939,0.00811092,0.0073033,0.119461,-0.148263,0.210722,0.0704188,0.405819,0.0247145,-0.00921058,0.0551576,0.000708442,-0.0014157,-0.0130302,0.0454291,-0.00516726,0.00216312,0.182353,NOR_Larc_F_4,1,2,-0.14652,-0.0195601,-0.111156,-0.186832,-0.345557,0.0615079,0.0829832,-0.083311,0.0176786,0.00473591,-0.142338,-0.00690463,-0.0149826,0.125114,-0.304039,-0.0393695,-0.101352,0.233355,-0.0679683,0.0284393,,,,,,,,,,,,
NE_F1_373_Lsb,1,2,0.0339941,-0.00563613,0.0200452,0.0173027,0.00786259,0.134517,-0.0233288,0.169273,-0.034899,0.2466,0.0299252,-0.00950693,0.0186783,0.0126293,0.00186904,0.0206621,0.0582979,0.00366675,0.0052471,0.115135,STA_Larc_F_2,1,2,-0.191865,0.0129227,0.128044,0.0555797,0.00905214,-0.000212177,0.0253121,0.0185839,0.00468363,-0.0185892,-0.1861,0.00997276,0.143668,-0.116047,0.0279021,0.00379898,0.0037012,0.00501173,0.031035,-0.00729739,,,,,,,,,,,,
SWE_Lten_M,1,2,0.0505515,-0.0123319,0.0786144,-0.00563043,0.0424938,-0.0365306,0.0256936,-0.0802689,-0.0223416,0.0175688,0.0442017,-0.017562,0.086605,-0.00826829,0.0425667,-0.00453255,-0.0186039,0.00191062,0.000349651,-0.0781944,W_arc_01_La,1,2,-0.174713,-0.0279444,-0.169356,-0.0522954,0.0905725,-0.0719455,-0.313539,0.157814,-0.10747,0.0065781,-0.194809,-0.0234941,-0.140967,0.119455,-0.0912773,0.044775,0.0684001,-0.338773,0.0598671,-0.012047,,,,,,,,,,,,
TCF_1,1,2,0.0521734,-0.0134833,0.0621898,-0.0100179,0.0582933,-0.0657627,0.0375856,-0.075929,-0.0405758,0.0041239,0.0477372,-0.0194748,0.0727751,-0.0130603,0.0689591,-0.00558616,-0.048005,0.00423459,0.00589185,-0.105391,W_arc_02_La,1,2,-0.174971,-0.0309268,-0.171718,-0.0540824,0.0807923,-0.0801138,-0.317981,0.156411,-0.0978207,0.008023,-0.193453,-0.0255104,-0.140993,0.119545,-0.100301,0.0418465,0.0776495,-0.336047,0.0596604,-0.010634,,,,,,,,,,,,
ER_EA1_116_Ls,1,6,-0.289328,-0.142712,0.0422551,-0.116834,-0.000343763,-0.0292544,-0.237942,-0.0667904,-0.0272194,-0.00482058,-0.337205,-0.110673,0.0329359,-0.128155,-0.00329931,-0.197925,0.0438468,0.00562855,0.00161466,-0.00442008,NE_E1_367_La,1,2,-0.182085,0.0390545,0.24171,0.0803707,-0.00585299,-0.00139183,0.00317011,0.0193136,0.000889714,-0.00911772,-0.159192,0.0276683,0.213865,-0.146183,0.03293,0.00684205,0.0100796,-0.0118063,0.025513,-0.00490931,,,,,,,,,,,,
ER_EA1_547,1,6,-0.228386,-0.104151,-0.00064924,0.00218133,0.00441174,0.0411599,0.365852,0.0931654,0.0373505,0.00151921,-0.207707,-0.0548268,-0.0229634,0.102263,0.0123349,0.384266,-0.0909599,-0.00711344,-0.00222486,-0.00963168,NE_E2_140_La,1,2,-0.184674,0.0402031,0.247488,0.0792294,-0.000590333,0.00341884,0.00910334,0.0217746,-0.00486935,-0.0124641,-0.161073,0.0278577,0.215831,-0.146551,0.0367407,0.00648729,0.00459682,-0.0126753,0.0251269,-0.00484404,,,,,,,,,,,,
ER_EA2_569,1,6,-0.291633,-0.143212,0.0434177,-0.12068,-0.00102283,-0.0308534,-0.250514,-0.0694036,-0.0280233,-0.00557058,-0.339516,-0.111015,0.0340789,-0.133232,-0.00385855,-0.208193,0.0455409,0.00634628,0.00191203,-0.00313023,NE_E2_158_La,1,2,-0.183099,0.0393064,0.246673,0.0806024,-0.00355212,0.00559458,0.007553,0.0198704,-0.00163489,-0.0110138,-0.159478,0.0278162,0.21591,-0.146484,0.0354872,0.00878634,0.00585224,-0.011191,0.0234573,-0.00387886,,,,,,,,,,,,
ER_EB1_266_Ls,1,6,-0.224964,-0.102477,-0.00659313,0.00671044,0.00355923,0.0495683,0.380627,0.0951437,0.034779,-0.00137914,-0.202433,-0.0532407,-0.0293621,0.106544,0.0111036,0.390737,-0.0799334,-0.00675497,-0.00195369,-0.00675068,NE_E2_410_La,1,2,-0.183193,0.0387122,0.248596,0.0786402,-0.00785652,0.0014753,0.00985691,0.019873,0.000410427,-0.00727561,-0.159158,0.0269957,0.217853,-0.147003,0.0330499,0.00600805,0.0081117,-0.00828411,0.0256337,-0.00512166,,,,,,,,,,,,
AMB_5_3,2,1,0.0230517,0.00633936,-0.177983,-0.034466,0.00830219,-0.168183,-0.0213633,0.121038,-0.0198076,-0.00460442,0.0301396,-0.00187861,-0.18226,-0.043238,0.0112076,-0.0435342,-0.153079,0.00353179,0.0104112,0.0545879,AMB_5_3,1,2,-0.182062,0.0204615,0.161259,0.0589789,-0.00179111,-0.00208962,0.0125285,0.0221654,0.000525205,-0.0136447,-0.175494,0.0150162,0.167355,-0.125775,0.0229768,0.00384263,0.00684297,-0.00311281,0.0322378,-0.00673423,,,,,,,,,,,,
BH_10_1,2,1,0.0149399,0.0104683,-0.186629,-0.0173813,-0.0240204,0.132025,-0.0213365,-0.102815,0.0706252,-0.0382193,0.0228622,0.00127112,-0.160353,-0.0165835,-0.0245903,0.014352,0.148607,-0.0036856,-0.0284967,-0.030465,BH_10_1,1,2,-0.162814,-0.0290786,-0.143807,-0.0368715,0.0522957,-0.0632166,-0.192267,0.0897403,-0.0533372,0.0154469,-0.186447,-0.0256804,-0.127527,0.0953482,-0.0762156,0.0214163,0.0591826,-0.231875,0.0511118,-0.00615706,,,,,,,,,,,,
NE_E2_410_La,2,1,0.0271385,0.00329465,-0.16219,-0.0385086,0.0185339,-0.21786,-0.0189415,0.142162,-0.0291439,-0.00739753,0.0339268,-0.0041528,-0.184349,-0.0532823,0.0253383,-0.0605259,-0.238724,0.0054853,0.0186414,0.0716777,NE_F1_371_La,1,2,-0.171534,-0.0317782,-0.17647,-0.0202691,0.26519,-0.0533801,0.205394,-0.131204,0.197641,0.00111038,-0.19682,-0.0321514,-0.180619,0.107403,0.319581,-0.0375348,0.0921155,0.191646,-0.0389318,0.00359159,,,,,,,,,,,,
NE_E4_Larc_F_2,2,1,0.0269951,0.00308464,-0.161153,-0.0388077,0.0196837,-0.220707,-0.0161159,0.143787,-0.0318995,-0.00706035,0.0337471,-0.00416593,-0.183253,-0.0534565,0.0271789,-0.059346,-0.246024,0.00575686,0.0206153,0.0724654,NOR_Larc_F_1,1,2,-0.151548,-0.0212543,-0.116753,-0.179061,-0.325362,0.0612971,0.0738683,-0.072903,0.0129493,0.00867401,-0.146827,-0.00869629,-0.0201817,0.121819,-0.295008,-0.0350903,-0.0987334,0.219662,-0.0627921,0.0247712,,,,,,,,,,,,
NE_F1_007_La,2,1,0.0112409,0.0141206,-0.194783,-0.0119867,-0.0281006,0.179968,0.0126148,-0.0957324,-0.319804,-0.000117068,0.0218987,0.00312496,-0.168969,-0.00955814,-0.0253834,0.0319136,0.172926,0.00723137,0.0349147,-0.0179288,NOR_Larc_F_3,1,2,-0.145189,-0.0190213,-0.10882,-0.185278,-0.34569,0.0594314,0.0790475,-0.0819441,0.0161003,0.0059936,-0.140925,-0.00649393,-0.0142417,0.124681,-0.305112,-0.0403996,-0.100645,0.231342,-0.067249,0.0272569,,,,,,,,,,,,
NE_F1_371_La,2,1,0.0117265,0.0139848,-0.194771,-0.0119865,-0.0284968,0.18094,0.0119405,-0.0966702,-0.322599,0.00107639,0.0222257,0.0031103,-0.168348,-0.0100371,-0.0252838,0.0319154,0.17398,0.00652315,0.0336986,-0.0174383,STA_Larc_F_1,1,2,-0.193391,0.0135378,0.125313,0.0544691,0.00750582,0.00565688,0.0223111,0.0138342,0.00139866,-0.0193244,-0.185534,0.010367,0.140301,-0.11372,0.0247814,0.00619566,0.000553474,0.00456035,0.0257517,-0.00439546,,,,,,,,,,,,
TWF_4,1,2,0.0525717,-0.0136941,0.0460005,-0.00782693,0.0563275,-0.0633623,0.038601,-0.0698553,-0.0430439,-0.000755753,0.0482223,-0.0198447,0.0523871,-0.0109753,0.0676316,-0.00561336,-0.0436176,0.00357492,0.00570214,-0.0983462,,,,,,,,,,,,,,,,,,,,,,,,,,,,,,,,,,,
W_sax_01_Ls,1,2,0.0424785,-0.0086234,0.0348847,0.0068384,0.0285357,0.101926,-0.0273694,0.11463,0.0309213,-0.192271,0.0375263,-0.0128122,0.0328559,0.00579582,0.0186229,0.0229557,0.0738343,0.00545954,-0.00198416,0.162676,,,,,,,,,,,,,,,,,,,,,,,,,,,,,,,,,,,
W_sax_02_Ls,1,2,0.0426444,-0.0095581,0.0242387,0.00778048,0.0284767,0.106077,-0.0247396,0.11696,0.0240696,-0.186697,0.0377416,-0.0136941,0.021267,0.00668812,0.0185527,0.0240957,0.0778093,0.00525095,-0.000881719,0.160485,,,,,,,,,,,,,,,,,,,,,,,,,,,,,,,,,,,
W_sax_03_Ls,1,2,0.0439746,-0.00895513,0.0431776,0.00648576,0.02776,0.0936515,-0.031883,0.114262,0.0303497,-0.188398,0.0387491,-0.0134172,0.0422529,0.00452812,0.01814,0.0168992,0.0630012,0.0056688,-0.00138717,0.16387,,,,,,,,,,,,,,,,,,,,,,,,,,,,,,,,,,,
W_sax_04_Ls,1,2,0.042851,-0.00888641,0.0365541,0.00757552,0.0275171,0.102036,-0.0307753,0.11485,0.030604,-0.187914,0.0378925,-0.0132595,0.0343862,0.00565896,0.0169622,0.0198403,0.0742912,0.00573535,-0.00266603,0.166415,,,,,,,,,,,,,,,,,,,,,,,,,,,,,,,,,,,
WS_female_Ls,1,2,0.0463186,-0.00888875,0.0683834,-0.00239447,0.0220902,-0.0152461,0.0109502,-0.0484202,0.00755407,0.0239539,0.039897,-0.0137385,0.0713293,-0.00544236,0.0189839,-0.00206751,-0.00556373,-0.00153432,-0.00335597,-0.0336396,,,,,,,,,,,,,,,,,,,,,,,,,,,,,,,,,,,
WS_male_Ls,1,2,0.046141,-0.00868524,0.0697575,-0.00279991,0.0212956,-0.0161332,0.009877,-0.0470772,0.00739349,0.0251083,0.0395733,-0.0135853,0.0722375,-0.00574288,0.0186069,-0.00318995,-0.00671703,-0.00241816,-0.0036316,-0.0322767,,,,,,,,,,,,,,,,,,,,,,,,,,,,,,,,,,,
York_B-1_Ls,1,2,0.0437518,-0.0107779,0.0774054,0.00453766,-0.48484,-0.0604503,0.0129459,-0.00402356,-0.00897346,-0.0171948,0.0383065,-0.0149343,0.0772675,0.0016883,-0.487349,-0.00736953,-0.0811906,0.00266704,0.0037391,-0.0375287,,,,,,,,,,,,,,,,,,,,,,,,,,,,,,,,,,,
York_B-12_Ls,1,2,0.0442137,-0.0105785,0.0765414,0.00456257,-0.476041,-0.0589682,0.0128889,-0.00393988,-0.00929537,-0.0179538,0.0383567,-0.0149191,0.0755835,0.00161034,-0.471878,-0.00719857,-0.0786826,0.00287078,0.00379462,-0.0357853,,,,,,,,,,,,,,,,,,,,,,,,,,,,,,,,,,,
York_T-3_Ls,1,2,0.0438047,-0.0104067,0.067407,0.00566066,-0.455034,-0.052435,0.01795,-0.0027579,-0.0106574,-0.0203519,0.0383092,-0.0145683,0.0646865,0.00372481,-0.443921,-0.00187656,-0.0690322,0.00344645,0.00338789,-0.0332487,,,,,,,,,,,,,,,,,,,,,,,,,,,,,,,,,,,
York_T-9_Ls,1,2,0.0442441,-0.0104989,0.0788031,0.0039346,-0.47432,-0.059872,0.0115586,-0.00383628,-0.00882015,-0.0162108,0.0384686,-0.0148937,0.0786406,0.00092551,-0.471491,-0.00832433,-0.0801597,0.00284713,0.003585,-0.0354486,,,,,,,,,,,,,,,,,,,,,,,,,,,,,,,,,,,
W_arc_01_La,2,1,0.0164138,0.00913056,-0.195805,-0.0189705,-0.022355,0.148755,-0.012491,-0.124546,0.0870235,-0.0632871,0.0245294,7.88E-05,-0.172929,-0.0173989,-0.0233699,0.0220969,0.175297,-0.00244974,-0.0350471,-0.0434401,,,,,,,,,,,,,,,,,,,,,,,,,,,,,,,,,,,
W_arc_02_La,2,1,0.0162128,0.0102881,-0.194054,-0.0194372,-0.0241671,0.148192,-0.0172927,-0.126086,0.0947928,-0.0635559,0.0245573,0.00106942,-0.172984,-0.0182675,-0.0261899,0.0199295,0.17858,-0.0027147,-0.0368741,-0.045181,,,,,,,,,,,,,,,,,,,,,,,,,,,,,,,,,,,
W_arc_03_La,2,1,0.0159953,0.00922946,-0.196181,-0.018726,-0.0241877,0.153095,-0.0132113,-0.126313,0.0848705,-0.0663205,0.024354,0.000227003,-0.175048,-0.0169439,-0.0255921,0.0234337,0.185258,-0.00250284,-0.0358174,-0.0442468,,,,,,,,,,,,,,,,,,,,,,,,,,,,,,,,,,,
W_arc_04_Lamerged_sorted.bam,2,1,0.0173831,0.00911544,-0.194099,-0.0187249,-0.0221864,0.150831,-0.0120441,-0.125054,0.0869849,-0.0678249,0.0255,-1.23E-06,-0.172415,-0.0168871,-0.0237499,0.0235529,0.180408,-0.00241302,-0.0356185,-0.0438551,,,,,,,,,,,,,,,,,,,,,,,,,,,,,,,,,,,
W_com_01_Lc,2,0,-0.184205,0.483329,0.0677611,-0.0209293,0.0064248,-0.0210634,0.00521796,0.00642973,-0.00447854,-0.0346804,-0.121193,0.521922,0.0493953,-0.0276215,0.00807475,-0.00696483,-0.0296578,0.316459,-0.214827,0.00231613,,,,,,,,,,,,,,,,,,,,,,,,,,,,,,,,,,,