"","S_pvt_north_temp","S_pvt_spain_temp","S_shared_temp","S_prop_pvt_north_temp","S_prop_pvt_spain_temp","S_count_higher_spain_temp","S_prop_higer_spain_temp","diff_p_priv_SpainNorth","S_Gtest_p"
"1",936,1005,274,0.773553719008264,0.785770132916341,1,1,0.0122164139080765,"TRUE"
"2",987,1070,313,0.759230769230769,0.773680404916847,1,1,0.0144496356860782,"TRUE"
"3",970,981,269,0.782889426957224,0.7848,1,1,0.00191057304277653,"TRUE"
"4",965,1122,290,0.768924302788845,0.794617563739377,1,1,0.0256932609505321,"TRUE"
"5",983,998,277,0.78015873015873,0.782745098039216,1,1,0.0025863678804855,"TRUE"
"6",1016,925,245,0.805709754163362,0.790598290598291,0,0,-0.0151114635650719,"TRUE"
"7",848,1130,298,0.739965095986038,0.791316526610644,1,1,0.0513514306246058,"TRUE"
"8",1023,982,254,0.801096319498825,0.794498381877023,0,0,-0.00659793762180272,"TRUE"
"9",801,1021,284,0.738248847926267,0.782375478927203,1,1,0.0441266310009357,"TRUE"
"10",1070,1040,302,0.779883381924198,0.774962742175857,0,0,-0.00492063974834134,"TRUE"
"11",910,1169,291,0.757701915070774,0.800684931506849,1,1,0.0429830164360749,"TRUE"
"12",1038,961,293,0.779864763335838,0.766347687400319,0,0,-0.0135170759355188,"TRUE"
"13",1014,1006,285,0.780600461893764,0.779240898528273,0,0,-0.00135956336549181,"TRUE"
"14",952,1044,296,0.762820512820513,0.77910447761194,1,1,0.0162839647914276,"TRUE"
"15",1039,1218,322,0.763409257898604,0.790909090909091,1,1,0.027499833010487,"TRUE"
"16",991,964,285,0.776645768025078,0.771817453963171,0,0,-0.00482831406190776,"TRUE"
"17",1093,1073,303,0.782951289398281,0.779796511627907,0,0,-0.00315477777037387,"TRUE"
"18",1004,1122,306,0.766412213740458,0.785714285714286,1,1,0.0193020719738277,"TRUE"
"19",989,1182,308,0.762528912875867,0.793288590604027,1,1,0.0307596777281595,"TRUE"
"20",930,1018,280,0.768595041322314,0.784283513097072,1,1,0.0156884717747584,"TRUE"
"21",998,1068,283,0.779078844652615,0.790525536639526,1,1,0.0114466919869112,"TRUE"
"22",885,1106,283,0.757705479452055,0.79625629949604,1,1,0.0385508200439855,"TRUE"
"23",885,1043,296,0.749364944961897,0.778939507094847,1,1,0.0295745621329503,"TRUE"
"24",939,976,294,0.761557177615572,0.768503937007874,1,1,0.00694675939230227,"TRUE"
"25",888,1112,295,0.750633981403212,0.790334044065387,1,1,0.0397000626621752,"TRUE"
"26",807,1079,245,0.767110266159696,0.814954682779456,1,1,0.0478444166197604,"TRUE"
"27",919,955,282,0.765195670274771,0.772029102667744,1,1,0.00683343239297352,"TRUE"
"28",973,1047,292,0.769169960474308,0.781926811053025,1,1,0.0127568505787163,"TRUE"
"29",998,982,293,0.773044151820294,0.770196078431372,0,0,-0.0028480733889219,"TRUE"
"30",1011,1193,313,0.763595166163142,0.792164674634794,1,1,0.0285695084716521,"TRUE"
"31",993,1157,296,0.770364623739333,0.796283551273228,1,1,0.025918927533895,"TRUE"
"32",1036,892,276,0.789634146341463,0.763698630136986,0,0,-0.0259355162044771,"TRUE"
"33",959,1025,290,0.767814251401121,0.779467680608365,1,1,0.0116534292072441,"TRUE"
"34",1007,1107,292,0.775211701308699,0.791279485346676,1,1,0.0160677840379773,"TRUE"
"35",894,984,270,0.768041237113402,0.784688995215311,1,1,0.0166477581019089,"TRUE"
"36",984,989,289,0.772977219167321,0.773865414710485,1,1,0.000888195543163772,"TRUE"
"37",881,983,286,0.754927163667524,0.774625689519307,1,1,0.019698525851783,"TRUE"
"38",910,1075,297,0.753935376967689,0.783527696793003,1,1,0.0295923198253144,"TRUE"
"39",990,936,284,0.777080062794348,0.767213114754098,0,0,-0.00986694804025012,"TRUE"
"40",920,1126,309,0.748576078112286,0.784668989547038,1,1,0.0360929114347519,"TRUE"
"41",960,939,266,0.783034257748777,0.779253112033195,0,0,-0.00378114571558152,"TRUE"
"42",934,1137,287,0.764946764946765,0.798455056179775,1,1,0.0335082912330104,"TRUE"
"43",949,1153,308,0.75497215592681,0.789185489390828,1,1,0.0342133334640183,"TRUE"
"44",969,891,234,0.805486284289277,0.792,0,0,-0.0134862842892768,"TRUE"
"45",1021,1084,300,0.772899318697956,0.783236994219653,1,1,0.0103376755216971,"TRUE"
"46",1109,1043,306,0.783745583038869,0.773165307635285,0,0,-0.0105802754035839,"TRUE"
"47",923,1259,277,0.769166666666667,0.819661458333333,1,1,0.0504947916666667,"TRUE"
"48",812,1130,300,0.73021582733813,0.79020979020979,1,1,0.0599939628716607,"TRUE"
"49",1021,812,280,0.7847809377402,0.743589743589744,0,0,-0.0411911941504562,"TRUE"
"50",1065,1059,293,0.784241531664212,0.783284023668639,0,0,-0.000957507995573037,"TRUE"
"51",962,1158,299,0.762886597938144,0.794783802333562,1,1,0.0318972043954179,"TRUE"
"52",1217,942,311,0.796465968586387,0.751795690343176,0,0,-0.044670278243211,"TRUE"
"53",1000,1115,292,0.773993808049536,0.792466240227434,1,1,0.0184724321778986,"TRUE"
"54",947,1067,288,0.766801619433198,0.787453874538745,1,1,0.020652255105547,"TRUE"
"55",963,1147,291,0.767942583732057,0.797635605006954,1,1,0.0296930212748967,"TRUE"
"56",979,1034,279,0.778219395866455,0.787509520182788,1,1,0.0092901243163328,"TRUE"
"57",978,1093,313,0.757552285050349,0.777382645803698,1,1,0.0198303607533499,"TRUE"
"58",787,1159,273,0.742452830188679,0.809357541899441,1,1,0.0669047117107621,"TRUE"
"59",1149,1128,318,0.783231083844581,0.780082987551867,0,0,-0.00314809629271351,"TRUE"
"60",919,982,273,0.770973154362416,0.782470119521912,1,1,0.0114969651594963,"TRUE"
"61",1125,1081,311,0.783426183844011,0.776580459770115,0,0,-0.00684572407389628,"TRUE"
"62",946,1158,294,0.762903225806452,0.797520661157025,1,1,0.0346174353505732,"TRUE"
"63",1107,895,246,0.818181818181818,0.784399649430324,0,0,-0.033782168751494,"TRUE"
"64",1051,998,299,0.778518518518518,0.76946800308404,0,0,-0.00905051543447843,"TRUE"
"65",745,1127,265,0.737623762376238,0.809626436781609,1,1,0.0720026744053716,"TRUE"
"66",1002,1186,312,0.762557077625571,0.791722296395194,1,1,0.0291652187696227,"TRUE"
"67",945,1165,319,0.747626582278481,0.785040431266846,1,1,0.0374138489883653,"TRUE"
"68",760,953,259,0.745829244357213,0.786303630363036,1,1,0.0404743860058233,"TRUE"
"69",1046,1013,275,0.791824375473126,0.786490683229814,0,0,-0.00533369224331282,"TRUE"
"70",993,976,282,0.778823529411765,0.775834658187599,0,0,-0.00298887122416536,"TRUE"
"71",1174,985,299,0.797012898845893,0.767133956386293,0,0,-0.0298789424596,"TRUE"
"72",967,1060,291,0.768680445151033,0.78460399703923,1,1,0.0159235518881968,"TRUE"
"73",824,986,264,0.757352941176471,0.7888,1,1,0.0314470588235294,"TRUE"
"74",1062,1213,322,0.767341040462428,0.790228013029316,1,1,0.0228869725668882,"TRUE"
"75",775,976,272,0.740210124164279,0.782051282051282,1,1,0.0418411578870032,"TRUE"
"76",1140,1042,308,0.787292817679558,0.771851851851852,0,0,-0.0154409658277062,"TRUE"
"77",972,1034,276,0.778846153846154,0.789312977099237,1,1,0.0104668232530828,"TRUE"
"78",967,1032,284,0.772981614708233,0.78419452887538,1,1,0.0112129141671465,"TRUE"
"79",917,1041,299,0.754111842105263,0.776865671641791,1,1,0.0227538295365279,"TRUE"
"80",998,935,228,0.814029363784666,0.803955288048151,0,0,-0.0100740757365143,"TRUE"
"81",920,1059,278,0.767946577629382,0.792071802543007,1,1,0.0241252249136243,"TRUE"
"82",963,1184,315,0.753521126760563,0.789859906604403,1,1,0.0363387798438396,"TRUE"
"83",871,1133,311,0.736886632825719,0.784626038781163,1,1,0.0477394059554443,"TRUE"
"84",984,1146,318,0.755760368663594,0.782786885245902,1,1,0.0270265165823073,"TRUE"
"85",936,1075,296,0.75974025974026,0.784099197665937,1,1,0.0243589379256776,"TRUE"
"86",738,1196,286,0.720703125,0.807017543859649,1,1,0.0863144188596491,"TRUE"
"87",986,937,263,0.789431545236189,0.780833333333333,0,0,-0.00859821190285559,"TRUE"
"88",1002,1004,270,0.787735849056604,0.78806907378336,1,1,0.000333224726755788,"TRUE"
"89",958,1106,304,0.759112519809826,0.784397163120567,1,1,0.0252846433107418,"TRUE"
"90",1001,869,277,0.783255086071987,0.758289703315881,0,0,-0.0249653827561062,"TRUE"
"91",1034,1173,311,0.768773234200744,0.790431266846361,1,1,0.0216580326456177,"TRUE"
"92",1081,1197,323,0.76994301994302,0.7875,1,1,0.01755698005698,"TRUE"
"93",970,941,242,0.8003300330033,0.795435333896872,0,0,-0.00489469910642792,"TRUE"
"94",965,1034,267,0.783279220779221,0.794773251345119,1,1,0.0114940305658984,"TRUE"
"95",1112,1084,324,0.774373259052925,0.769886363636364,0,0,-0.00448689541656111,"TRUE"
"96",933,854,254,0.786015164279697,0.770758122743682,0,0,-0.0152570415360145,"TRUE"
"97",976,1039,307,0.760717069368667,0.771916790490342,1,1,0.0111997211216746,"TRUE"
"98",1125,1101,297,0.791139240506329,0.78755364806867,0,0,-0.00358559243765955,"TRUE"
"99",971,977,268,0.783696529459241,0.784738955823293,1,1,0.00104242636405194,"TRUE"
"100",1012,1039,289,0.777863182167563,0.782379518072289,1,1,0.00451633590472567,"TRUE"
"101",923,1016,289,0.761551155115512,0.778544061302682,1,1,0.0169929061871704,"TRUE"
"102",1023,809,264,0.794871794871795,0.753960857409133,0,0,-0.0409109374626615,"TRUE"
"103",963,853,271,0.780388978930308,0.758896797153025,0,0,-0.021492181777283,"TRUE"
"104",887,754,204,0.81301558203483,0.78705636743215,0,0,-0.0259592146026801,"TRUE"
"105",959,984,291,0.7672,0.771764705882353,1,1,0.00456470588235292,"TRUE"
"106",1064,859,261,0.803018867924528,0.766964285714286,0,0,-0.0360545822102425,"TRUE"
"107",808,1116,268,0.75092936802974,0.80635838150289,1,1,0.0554290134731504,"TRUE"
"108",993,1061,288,0.775175644028103,0.78650852483321,1,1,0.0113328808051067,"TRUE"
"109",744,1159,246,0.751515151515151,0.82491103202847,1,1,0.0733958805133182,"TRUE"
"110",865,1102,292,0.7476231633535,0.790530846484935,1,1,0.042907683131435,"TRUE"
"111",832,1118,299,0.735632183908046,0.788990825688073,1,1,0.0533586417800275,"TRUE"
"112",971,974,302,0.762765121759623,0.763322884012539,1,1,0.000557762252916261,"TRUE"
"113",991,1109,315,0.758805513016845,0.778792134831461,1,1,0.0199866218146154,"TRUE"
"114",948,1144,319,0.748224151539069,0.781954887218045,1,1,0.0337307356789764,"TRUE"
"115",1124,1033,309,0.784368457780879,0.769746646795827,0,0,-0.0146218109850521,"TRUE"
"116",1008,1167,324,0.756756756756757,0.782696177062374,1,1,0.0259394203056175,"TRUE"
"117",1078,1096,275,0.796747967479675,0.799416484318016,1,1,0.00266851683834124,"TRUE"
"118",1084,1090,292,0.787790697674419,0.788712011577424,1,1,0.000921313903005427,"TRUE"
"119",984,1040,273,0.782816229116945,0.792079207920792,1,1,0.00926297880384697,"TRUE"
"120",1048,1013,296,0.779761904761905,0.773873185637892,0,0,-0.00588871912401323,"TRUE"
"121",935,848,234,0.799828913601369,0.78373382624769,0,0,-0.0160950873536791,"TRUE"
"122",1018,1119,318,0.761976047904192,0.778705636743215,1,1,0.0167295888390234,"TRUE"
"123",920,1034,294,0.757825370675453,0.778614457831325,1,1,0.0207890871558722,"TRUE"
"124",1066,1174,316,0.771345875542692,0.787919463087248,1,1,0.0165735875445566,"TRUE"
"125",1014,1000,248,0.803486529318542,0.801282051282051,0,0,-0.00220447803649071,"TRUE"
"126",990,1080,319,0.756302521008403,0.771979985704074,1,1,0.015677464695671,"TRUE"
"127",864,742,195,0.815864022662889,0.791889007470651,0,0,-0.0239750151922384,"TRUE"
"128",908,981,282,0.763025210084034,0.776722090261283,1,1,0.0136968801772491,"TRUE"
"129",994,959,282,0.778996865203762,0.77276390008058,0,0,-0.00623296512318161,"TRUE"
"130",941,1106,277,0.772577996715928,0.799710773680405,1,1,0.0271327769644771,"TRUE"
"131",894,1017,264,0.772020725388601,0.793911007025761,1,1,0.0218902816371601,"TRUE"
"132",1014,1063,301,0.771102661596958,0.779325513196481,1,1,0.00822285159952274,"TRUE"
"133",1107,1176,305,0.78399433427762,0.794058068872384,1,1,0.0100637345947631,"TRUE"
"134",981,1041,292,0.770620581304006,0.780945236309077,1,1,0.0103246550050711,"TRUE"
"135",885,1233,296,0.749364944961897,0.806409417920209,1,1,0.0570444729583126,"TRUE"
"136",1004,1089,287,0.777691711851278,0.791424418604651,1,1,0.0137327067533731,"TRUE"
"137",958,923,277,0.775708502024292,0.769166666666667,0,0,-0.00654183535762487,"TRUE"
"138",1057,977,260,0.802581624905087,0.78981406628941,0,0,-0.0127675586156775,"TRUE"
"139",1229,1091,296,0.805901639344262,0.786589762076424,0,0,-0.0193118772678383,"TRUE"
"140",874,1127,306,0.740677966101695,0.786461967899512,1,1,0.0457840017978166,"TRUE"
"141",1037,1182,320,0.76418570375829,0.786950732356858,1,1,0.0227650285985672,"TRUE"
"142",786,965,288,0.731843575418994,0.770151636073424,1,1,0.0383080606544294,"TRUE"
"143",1063,1135,313,0.772529069767442,0.783839779005525,1,1,0.011310709238083,"TRUE"
"144",1086,1228,312,0.776824034334764,0.797402597402597,1,1,0.0205785630678335,"TRUE"
"145",812,958,242,0.770398481973435,0.798333333333333,1,1,0.0279348513598988,"TRUE"
"146",1009,1012,280,0.78277734678045,0.78328173374613,1,1,0.000504386965680115,"TRUE"
"147",1128,1119,316,0.781163434903047,0.779790940766551,0,0,-0.00137249413649654,"TRUE"
"148",918,687,242,0.791379310344828,0.739504843918192,0,0,-0.051874466426636,"TRUE"
"149",867,940,263,0.767256637168142,0.781379883624273,1,1,0.0141232464561311,"TRUE"
"150",845,1041,301,0.737347294938918,0.775707898658718,1,1,0.0383606037198004,"TRUE"
"151",807,1053,241,0.770038167938931,0.813755795981453,1,1,0.0437176280425216,"TRUE"
"152",968,919,281,0.77502001601281,0.765833333333333,0,0,-0.00918668267947687,"TRUE"
"153",948,1023,292,0.764516129032258,0.777946768060837,1,1,0.0134306390285784,"TRUE"
"154",929,1071,284,0.765869744435284,0.790405904059041,1,1,0.0245361596237561,"TRUE"
"155",818,1032,265,0.755309325946445,0.79568234387047,1,1,0.0403730179240253,"TRUE"
"156",1065,1076,308,0.775673707210488,0.777456647398844,1,1,0.0017829401883559,"TRUE"
"157",979,1202,294,0.76904948939513,0.803475935828877,1,1,0.0344264464337474,"TRUE"
"158",956,1137,300,0.761146496815287,0.791231732776618,1,1,0.0300852359613313,"TRUE"
"159",979,1141,311,0.758914728682171,0.785812672176309,1,1,0.026897943494138,"TRUE"
"160",974,1065,314,0.756211180124224,0.772298767222625,1,1,0.0160875870984015,"TRUE"
"161",901,1109,269,0.77008547008547,0.804789550072569,1,1,0.0347040799870988,"TRUE"
"162",817,1017,222,0.786333012512031,0.820823244552058,1,1,0.0344902320400273,"TRUE"
"163",965,875,254,0.79163248564397,0.775022143489814,0,0,-0.0166103421541565,"TRUE"
"164",1140,1048,287,0.798878766643308,0.78501872659176,0,0,-0.0138600400515473,"TRUE"
"165",966,930,282,0.774038461538462,0.767326732673267,0,0,-0.00671172886519422,"TRUE"
"166",947,1172,303,0.7576,0.794576271186441,1,1,0.0369762711864406,"TRUE"
"167",996,1138,290,0.774494556765163,0.796918767507003,1,1,0.0224242107418395,"TRUE"
"168",1110,1137,317,0.777855641205326,0.781980742778542,1,1,0.00412510157321599,"TRUE"
"169",893,974,304,0.746031746031746,0.762128325508607,1,1,0.0160965794768612,"TRUE"
"170",975,1155,314,0.756400310318076,0.786249149081008,1,1,0.0298488387629315,"TRUE"
"171",945,1032,279,0.772058823529412,0.787185354691076,1,1,0.0151265311616637,"TRUE"
"172",914,1024,283,0.763575605680869,0.783473603672532,1,1,0.0198979979916637,"TRUE"
"173",1031,1040,305,0.771706586826347,0.773234200743494,1,1,0.00152761391714717,"TRUE"
"174",1010,837,254,0.799050632911392,0.767186067827681,0,0,-0.0318645650837114,"TRUE"
"175",967,1150,287,0.771132376395534,0.800278357689631,1,1,0.0291459812940968,"TRUE"
"176",926,1068,291,0.76088742810189,0.785871964679912,1,1,0.0249845365780218,"TRUE"
"177",950,1144,292,0.764895330112721,0.796657381615599,1,1,0.0317620515028775,"TRUE"
"178",966,1040,284,0.7728,0.785498489425982,1,1,0.0126984894259818,"TRUE"
"179",770,1053,290,0.726415094339623,0.784065524944155,1,1,0.0576504306045322,"TRUE"
"180",910,877,215,0.808888888888889,0.803113553113553,0,0,-0.00577533577533573,"TRUE"
"181",932,1024,319,0.745003996802558,0.76247207743857,1,1,0.0174680806360125,"TRUE"
"182",970,1123,300,0.763779527559055,0.789177793394238,1,1,0.0253982658351825,"TRUE"
"183",959,1055,263,0.784779050736498,0.800455235204856,1,1,0.0156761844683583,"TRUE"
"184",972,994,271,0.781979082864039,0.785770750988142,1,1,0.0037916681241037,"TRUE"
"185",878,954,292,0.75042735042735,0.765650080256822,1,1,0.0152227298294714,"TRUE"
"186",952,890,297,0.762209767814251,0.749789385004212,0,0,-0.0124203828100391,"TRUE"
"187",873,1107,292,0.749356223175966,0.791279485346676,1,1,0.0419232621707106,"TRUE"
"188",900,1131,286,0.75885328836425,0.798165137614679,1,1,0.0393118492504293,"TRUE"
"189",948,1058,289,0.766370250606306,0.785449146250928,1,1,0.0190788956446224,"TRUE"
"190",910,1177,272,0.769881556683587,0.812284334023464,1,1,0.0424027773398773,"TRUE"
"191",1036,1052,297,0.777194298574644,0.779836916234248,1,1,0.00264261765960394,"TRUE"
"192",968,1066,306,0.759811616954474,0.776967930029155,1,1,0.0171563130746805,"TRUE"
"193",951,1008,289,0.766935483870968,0.777178103315343,1,1,0.0102426194443753,"TRUE"
"194",970,1154,315,0.754863813229572,0.785568413886998,1,1,0.030704600657426,"TRUE"
"195",1041,1028,315,0.767699115044248,0.765450483991065,0,0,-0.00224863105318307,"TRUE"
"196",846,1008,289,0.745374449339207,0.777178103315343,1,1,0.031803653976136,"TRUE"
"197",807,1118,279,0.743093922651934,0.800286327845383,1,1,0.0571924051934493,"TRUE"
"198",1047,916,279,0.789592760180995,0.76652719665272,0,0,-0.0230655635282758,"TRUE"
"199",952,1074,285,0.769603880355699,0.790286975717439,1,1,0.0206830953617401,"TRUE"
"200",991,1030,303,0.765842349304482,0.772693173293323,1,1,0.00685082398884107,"TRUE"
"201",1010,1021,282,0.781733746130031,0.783576362240982,1,1,0.00184261611095138,"TRUE"
"202",1037,957,283,0.785606060606061,0.771774193548387,0,0,-0.0138318670576736,"TRUE"
"203",972,847,278,0.7776,0.752888888888889,0,0,-0.024711111111111,"TRUE"
"204",1067,929,286,0.788617886178862,0.764609053497942,0,0,-0.0240088326809194,"TRUE"
"205",896,1040,286,0.758037225042301,0.784313725490196,1,1,0.0262765004478949,"TRUE"
"206",1036,1060,282,0.786039453717754,0.789865871833085,1,1,0.0038264181153308,"TRUE"
"207",974,875,280,0.776714513556619,0.757575757575758,0,0,-0.0191387559808612,"TRUE"
"208",1000,1068,297,0.771010023130301,0.782417582417582,1,1,0.0114075592872818,"TRUE"
"209",963,1193,297,0.764285714285714,0.800671140939597,1,1,0.0363854266538831,"TRUE"
"210",970,1062,291,0.769230769230769,0.784922394678492,1,1,0.015691625447723,"TRUE"
"211",1134,841,244,0.822931785195936,0.775115207373272,0,0,-0.0478165778226642,"TRUE"
"212",959,1095,312,0.754523996852872,0.778251599147121,1,1,0.0237276022942497,"TRUE"
"213",1073,1014,292,0.786080586080586,0.776416539050536,0,0,-0.00966404703005008,"TRUE"
"214",958,1014,279,0.77445432497979,0.784222737819026,1,1,0.00976841283923569,"TRUE"
"215",690,1166,256,0.72938689217759,0.819971870604782,1,1,0.0905849784271922,"TRUE"
"216",942,1002,295,0.761519805982215,0.772552043176561,1,1,0.0110322371943463,"TRUE"
"217",957,1052,290,0.767441860465116,0.783904619970194,1,1,0.0164627595050775,"TRUE"
"218",1006,1093,274,0.7859375,0.799561082662765,1,1,0.0136235826627652,"TRUE"
"219",952,1172,292,0.765273311897106,0.800546448087432,1,1,0.0352731361903256,"TRUE"
"220",887,1003,280,0.760068551842331,0.781761496492596,1,1,0.0216929446502647,"TRUE"
"221",898,1138,290,0.755892255892256,0.796918767507003,1,1,0.041026511614747,"TRUE"
"222",872,946,259,0.770999115826702,0.7850622406639,1,1,0.0140631248371984,"TRUE"
"223",1014,1221,321,0.759550561797753,0.791828793774319,1,1,0.0322782319765662,"TRUE"
"224",1072,1173,323,0.768458781362007,0.784090909090909,1,1,0.0156321277289019,"TRUE"
"225",1089,1016,301,0.783453237410072,0.771450265755505,0,0,-0.012002971654567,"TRUE"
"226",1050,847,263,0.7996953541508,0.763063063063063,0,0,-0.0366322910877367,"TRUE"
"227",1109,1093,286,0.794982078853047,0.792603335750544,0,0,-0.00237874310250275,"TRUE"
"228",979,1040,301,0.76484375,0.775540641312453,1,1,0.0106968913124533,"TRUE"
"229",1037,1025,310,0.769858945805494,0.767790262172285,0,0,-0.00206868363320911,"TRUE"
"230",1045,1056,291,0.782185628742515,0.783964365256125,1,1,0.00177873651360971,"TRUE"
"231",1060,902,282,0.789865871833085,0.761824324324324,0,0,-0.0280415475087606,"TRUE"
"232",997,1010,282,0.779515246286161,0.781733746130031,1,1,0.0022184998438699,"TRUE"
"233",1090,1117,300,0.784172661870504,0.788285109386027,1,1,0.0041124475155232,"TRUE"
"234",958,1026,279,0.77445432497979,0.786206896551724,1,1,0.0117525715719343,"TRUE"
"235",1015,1068,270,0.78988326848249,0.798206278026906,1,1,0.00832300954441556,"TRUE"
"236",1022,927,294,0.776595744680851,0.759213759213759,0,0,-0.0173819854670918,"TRUE"
"237",966,920,260,0.787928221859706,0.779661016949153,0,0,-0.00826720491055377,"TRUE"
"238",1023,883,247,0.805511811023622,0.78141592920354,0,0,-0.0240958818200822,"TRUE"
"239",982,897,288,0.773228346456693,0.756962025316456,0,0,-0.0162663211402372,"TRUE"
"240",909,874,278,0.765796124684078,0.758680555555556,0,0,-0.00711556912852196,"TRUE"
"241",964,1123,276,0.77741935483871,0.802716225875625,1,1,0.0252968710369157,"TRUE"
"242",934,1064,294,0.760586319218241,0.783505154639175,1,1,0.0229188354209342,"TRUE"
"243",1080,980,304,0.780346820809249,0.763239875389408,0,0,-0.0171069454198405,"TRUE"
"244",962,1130,307,0.758077226162333,0.786360473208072,1,1,0.0282832470457398,"TRUE"
"245",869,1049,294,0.747205503009458,0.78108711839166,1,1,0.0338816153822021,"TRUE"
"246",877,890,257,0.77336860670194,0.775937227550131,1,1,0.00256862084819065,"TRUE"
"247",918,845,239,0.79343128781331,0.779520295202952,0,0,-0.0139109926103582,"TRUE"
"248",911,1118,289,0.759166666666667,0.794598436389481,1,1,0.0354317697228145,"TRUE"
"249",1023,830,264,0.794871794871795,0.758683729433272,0,0,-0.0361880654385224,"TRUE"
"250",911,1181,290,0.758534554537885,0.802855200543848,1,1,0.0443206460059626,"TRUE"
"251",992,1011,298,0.768992248062015,0.772345301757067,1,1,0.00335305369505101,"TRUE"
"252",1198,1103,321,0.788676761026991,0.774578651685393,0,0,-0.0140981093415982,"TRUE"
"253",808,873,220,0.785992217898833,0.79871912168344,1,1,0.0127269037846074,"TRUE"
"254",905,1026,282,0.762426284751474,0.784403669724771,1,1,0.0219773849732963,"TRUE"
"255",936,1114,291,0.762836185819071,0.79288256227758,1,1,0.0300463764585092,"TRUE"
"256",988,1072,306,0.763523956723339,0.777939042089985,1,1,0.0144150853666469,"TRUE"
"257",857,724,235,0.784798534798535,0.754953076120959,0,0,-0.0298454586775755,"TRUE"
"258",854,1189,293,0.744551002615519,0.802294197031039,1,1,0.0577431944155203,"TRUE"
"259",1046,1095,289,0.783520599250936,0.791184971098266,1,1,0.0076643718473296,"TRUE"
"260",1002,958,262,0.792721518987342,0.785245901639344,0,0,-0.00747561734799751,"TRUE"
"261",957,1158,324,0.747072599531616,0.781376518218624,1,1,0.0343039186870076,"TRUE"
"262",848,1076,264,0.762589928057554,0.802985074626866,1,1,0.0403951465693116,"TRUE"
"263",1045,910,281,0.788084464555053,0.764063811922754,0,0,-0.0240206526322988,"TRUE"
"264",987,1068,277,0.780854430379747,0.794052044609665,1,1,0.0131976142299185,"TRUE"
"265",1061,857,247,0.811162079510703,0.776268115942029,0,0,-0.0348939635686745,"TRUE"
"266",899,1260,274,0.766410912190963,0.821382007822686,1,1,0.0549710956317224,"TRUE"
"267",874,1163,260,0.770723104056437,0.817287420941673,1,1,0.0465643168852351,"TRUE"
"268",1062,922,288,0.786666666666667,0.76198347107438,0,0,-0.0246831955922865,"TRUE"
"269",1084,1101,309,0.778176597272075,0.780851063829787,1,1,0.00267446655771253,"TRUE"
"270",906,1043,270,0.770408163265306,0.794364051789794,1,1,0.0239558885244883,"TRUE"
"271",1003,982,292,0.774517374517375,0.770800627943485,0,0,-0.00371674657388943,"TRUE"
"272",1119,897,268,0.806777217015141,0.769957081545064,0,0,-0.0368201354700762,"TRUE"
"273",979,1272,309,0.760093167701863,0.804554079696395,1,1,0.0444609119945314,"TRUE"
"274",1073,1064,292,0.786080586080586,0.784660766961652,0,0,-0.00141981911893418,"TRUE"
"275",1005,1101,291,0.775462962962963,0.790948275862069,1,1,0.015485312899106,"TRUE"
"276",1013,1100,293,0.775650842266463,0.789662598707825,1,1,0.0140117564413623,"TRUE"
"277",961,866,241,0.799500831946755,0.782294489611563,0,0,-0.0172063423351926,"TRUE"
"278",885,827,234,0.790884718498659,0.779453345900094,0,0,-0.0114313725985652,"TRUE"
"279",1008,1020,311,0.764215314632297,0.766341096919609,1,1,0.00212578228731208,"TRUE"
"280",1046,916,279,0.789433962264151,0.76652719665272,0,0,-0.0229067656114313,"TRUE"
"281",976,1026,243,0.800656275635767,0.808510638297872,1,1,0.00785436266210526,"TRUE"
"282",1021,825,273,0.78902627511592,0.751366120218579,0,0,-0.0376601548973404,"TRUE"
"283",1000,1049,298,0.770416024653313,0.778767631774313,1,1,0.00835160712100047,"TRUE"
"284",1068,1142,292,0.785294117647059,0.796373779637378,1,1,0.0110796619903192,"TRUE"
"285",1020,1069,288,0.779816513761468,0.787767133382461,1,1,0.00795061962099342,"TRUE"
"286",1003,1131,294,0.773323053199692,0.793684210526316,1,1,0.0203611573266241,"TRUE"
"287",1073,1082,310,0.775849602313811,0.777298850574713,1,1,0.00144924826090209,"TRUE"
"288",953,1173,281,0.772285251215559,0.806740027510316,1,1,0.0344547762947572,"TRUE"
"289",1113,982,283,0.797277936962751,0.776284584980237,0,0,-0.0209933519825136,"TRUE"
"290",1041,825,250,0.806351665375678,0.767441860465116,0,0,-0.0389098049105615,"TRUE"
"291",886,1145,305,0.743912678421495,0.789655172413793,1,1,0.0457424939922986,"TRUE"
"292",1032,981,286,0.783004552352049,0.774269928966062,0,0,-0.00873462338598696,"TRUE"
"293",1164,1120,314,0.787550744248985,0.781032078103208,0,0,-0.00651866614577723,"TRUE"
"294",1119,874,300,0.788583509513742,0.744463373083475,0,0,-0.0441201364302668,"TRUE"
"295",997,884,259,0.793789808917197,0.773403324584427,0,0,-0.0203864843327705,"TRUE"
"296",950,984,276,0.774877650897227,0.780952380952381,1,1,0.00607473005515424,"TRUE"
"297",886,1000,277,0.761822871883061,0.783085356303837,1,1,0.0212624844207761,"TRUE"
"298",903,847,255,0.77979274611399,0.768602540834846,0,0,-0.0111902052791439,"TRUE"
"299",887,1157,288,0.754893617021277,0.800692041522491,1,1,0.0457984245012149,"TRUE"
"300",928,1033,279,0.768848384424192,0.78734756097561,1,1,0.0184991765514175,"TRUE"
"301",1119,1124,318,0.778705636743215,0.779472954230236,1,1,0.000767317487020747,"TRUE"
"302",899,974,282,0.761219305673158,0.775477707006369,1,1,0.0142584013332111,"TRUE"
"303",974,1117,285,0.7736298649722,0.796718972895863,1,1,0.0230891079236628,"TRUE"
"304",875,1115,292,0.749785775492716,0.792466240227434,1,1,0.0426804647347179,"TRUE"
"305",762,994,260,0.74559686888454,0.792663476874003,1,1,0.047066607989463,"TRUE"
"306",1035,1208,301,0.774700598802395,0.80053015241882,1,1,0.0258295536164252,"TRUE"
"307",1065,982,294,0.783664459161148,0.769592476489028,0,0,-0.0140719826721197,"TRUE"
"308",895,791,255,0.778260869565217,0.756214149139579,0,0,-0.022046720425638,"TRUE"
"309",1156,978,273,0.808957312806158,0.781774580335731,0,0,-0.0271827324704267,"TRUE"
"310",1070,998,307,0.777051561365287,0.764750957854406,0,0,-0.0123006035108807,"TRUE"
"311",889,1051,289,0.754668930390492,0.784328358208955,1,1,0.0296594278184629,"TRUE"
"312",1063,1057,298,0.78104335047759,0.780073800738007,0,0,-0.000969549739582631,"TRUE"
"313",959,1122,305,0.75870253164557,0.786264891380519,1,1,0.0275623597349489,"TRUE"
"314",984,1021,278,0.779714738510301,0.78598922247883,1,1,0.0062744839685287,"TRUE"
"315",1022,1056,300,0.773071104387292,0.778761061946903,1,1,0.00568995755961066,"TRUE"
"316",851,1072,261,0.765287769784173,0.804201050262566,1,1,0.0389132804783929,"TRUE"
"317",934,1143,284,0.766830870279146,0.800981079187106,1,1,0.0341502089079597,"TRUE"
"318",960,1171,291,0.767386091127098,0.800957592339261,1,1,0.033571501212163,"TRUE"
"319",910,1272,315,0.742857142857143,0.801512287334594,1,1,0.0586551444774507,"TRUE"
"320",1035,944,283,0.785280728376328,0.769356153219234,0,0,-0.0159245751570939,"TRUE"
"321",959,1113,304,0.759303246239113,0.78546224417784,1,1,0.0261589979387272,"TRUE"
"322",979,1111,300,0.765441751368256,0.787384833451453,1,1,0.0219430820831964,"TRUE"
"323",901,1031,307,0.745860927152318,0.770553064275037,1,1,0.0246921371227194,"TRUE"
"324",1055,1010,294,0.782060785767235,0.774539877300613,0,0,-0.00752090846662157,"TRUE"
"325",724,887,242,0.749482401656315,0.785651018600531,1,1,0.0361686169442167,"TRUE"
"326",818,976,263,0.756706753006475,0.78773204196933,1,1,0.0310252889628546,"TRUE"
"327",966,1213,293,0.767275615567911,0.805444887118194,1,1,0.0381692715502828,"TRUE"
"328",1042,1000,279,0.788796366389099,0.781860828772479,0,0,-0.00693553761662058,"TRUE"
"329",1053,930,308,0.773695811903013,0.751211631663974,0,0,-0.0224841802390383,"TRUE"
"330",832,1038,267,0.75705186533212,0.795402298850575,1,1,0.0383504335184546,"TRUE"
"331",983,1157,305,0.763198757763975,0.791381668946648,1,1,0.0281829111826732,"TRUE"
"332",893,1066,280,0.761295822676897,0.791976225854383,1,1,0.0306804031774864,"TRUE"
"333",1026,967,285,0.782608695652174,0.772364217252396,0,0,-0.0102444783997778,"TRUE"
"334",1154,833,265,0.813248766737139,0.758652094717668,0,0,-0.0545966720194704,"TRUE"
"335",997,1026,285,0.777691107644306,0.782608695652174,1,1,0.00491758800786812,"TRUE"
"336",992,993,312,0.760736196319018,0.760919540229885,1,1,0.000183343910866607,"TRUE"
"337",981,1060,290,0.77183320220299,0.785185185185185,1,1,0.0133519829821954,"TRUE"
"338",1018,1096,308,0.767722473604827,0.780626780626781,1,1,0.012904307021954,"TRUE"
"339",1088,1072,307,0.779928315412186,0.777374909354605,0,0,-0.0025534060575817,"TRUE"
"340",1044,991,291,0.782022471910112,0.773010920436818,0,0,-0.0090115514732948,"TRUE"
"341",906,1182,300,0.751243781094527,0.797570850202429,1,1,0.0463270691079017,"TRUE"
"342",894,1204,298,0.75,0.801597869507324,1,1,0.0515978695073236,"TRUE"
"343",954,1157,308,0.75594294770206,0.789761092150171,1,1,0.0338181444481104,"TRUE"
"344",956,1002,293,0.765412329863891,0.773745173745174,1,1,0.00833284388128264,"TRUE"
"345",884,1032,253,0.777484608619173,0.803112840466926,1,1,0.0256282318477529,"TRUE"
"346",1037,943,287,0.783232628398791,0.766666666666667,0,0,-0.0165659617321248,"TRUE"
"347",981,1061,277,0.779809220985692,0.792974588938715,1,1,0.0131653679530229,"TRUE"
"348",1050,1181,320,0.766423357664234,0.786808794137242,1,1,0.0203854364730083,"TRUE"
"349",955,1031,291,0.76645264847512,0.779878971255673,1,1,0.0134263227805528,"TRUE"
"350",1001,918,267,0.789432176656151,0.774683544303797,0,0,-0.0147486323523539,"TRUE"
"351",1015,1038,288,0.77897160399079,0.782805429864253,1,1,0.00383382587346293,"TRUE"
"352",962,1108,297,0.764098490865767,0.788612099644128,1,1,0.0245136087783616,"TRUE"
"353",911,1099,276,0.767481044650379,0.799272727272727,1,1,0.0317916826223481,"TRUE"
"354",927,1035,272,0.773144286905755,0.791889824024484,1,1,0.0187455371187288,"TRUE"
"355",1014,882,267,0.791569086651054,0.767624020887728,0,0,-0.0239450657633254,"TRUE"
"356",879,1131,281,0.757758620689655,0.800991501416431,1,1,0.0432328807267754,"TRUE"
"357",1039,901,274,0.791317593297791,0.766808510638298,0,0,-0.0245090826594934,"TRUE"
"358",1017,958,268,0.791439688715953,0.781402936378467,0,0,-0.0100367523374867,"TRUE"
"359",919,1082,306,0.750204081632653,0.779538904899135,1,1,0.0293348232664824,"TRUE"
"360",941,1056,284,0.768163265306122,0.788059701492537,1,1,0.0198964361864149,"TRUE"
"361",1060,1139,306,0.775988286969253,0.788235294117647,1,1,0.0122470071483938,"TRUE"
"362",927,1228,312,0.74818401937046,0.797402597402597,1,1,0.0492185780321374,"TRUE"
"363",927,1080,269,0.775083612040134,0.800593031875463,1,1,0.0255094198353295,"TRUE"
"364",905,1219,279,0.764358108108108,0.813751668891856,1,1,0.0493935607837477,"TRUE"
"365",919,893,270,0.772918418839361,0.767841788478074,0,0,-0.00507663036128692,"TRUE"
"366",881,1106,301,0.745346869712352,0.786069651741294,1,1,0.0407227820289415,"TRUE"
"367",943,1019,287,0.766666666666667,0.780245022970903,1,1,0.0135783563042368,"TRUE"
"368",961,1017,287,0.770032051282051,0.779907975460123,1,1,0.00987592417807137,"TRUE"
"369",865,827,246,0.778577857785779,0.770736253494874,0,0,-0.00784160429090441,"TRUE"
"370",863,1212,288,0.749782797567333,0.808,1,1,0.0582172024326673,"TRUE"
"371",913,1198,265,0.775042444821732,0.818865345181135,1,1,0.0438229003594028,"TRUE"
"372",889,999,279,0.761130136986301,0.78169014084507,1,1,0.020560003858769,"TRUE"
"373",940,1018,278,0.77175697865353,0.785493827160494,1,1,0.0137368485069636,"TRUE"
"374",1053,946,273,0.794117647058823,0.776045939294504,0,0,-0.0180717077643198,"TRUE"
"375",948,1114,285,0.768856447688564,0.796283059328092,1,1,0.0274266116395271,"TRUE"
"376",992,1035,275,0.782951854775059,0.790076335877863,1,1,0.00712448110280339,"TRUE"
"377",813,1150,267,0.752777777777778,0.811573747353564,1,1,0.0587959695757861,"TRUE"
"378",958,1054,297,0.763346613545817,0.780162842339008,1,1,0.0168162287931913,"TRUE"
"379",1015,1085,311,0.765460030165912,0.777220630372493,1,1,0.0117606002065803,"TRUE"
"380",857,1207,287,0.749125874125874,0.807898259705489,1,1,0.0587723855796145,"TRUE"
"381",855,1084,284,0.750658472344161,0.792397660818713,1,1,0.0417391884745519,"TRUE"
"382",928,1181,294,0.759410801963993,0.800677966101695,1,1,0.0412671641377015,"TRUE"
"383",957,1085,312,0.754137115839243,0.776664280601288,1,1,0.022527164762045,"TRUE"
"384",1054,1061,289,0.784810126582278,0.785925925925926,1,1,0.00111579934364747,"TRUE"
"385",1019,1009,288,0.7796480489671,0.777949113338473,0,0,-0.00169893562862689,"TRUE"
"386",858,1029,274,0.757950530035336,0.789716039907905,1,1,0.0317655098725692,"TRUE"
"387",927,1039,260,0.780960404380792,0.799846035411855,1,1,0.0188856310310633,"TRUE"
"388",1036,987,256,0.801857585139319,0.794046661303298,0,0,-0.00781092383602044,"TRUE"
"389",933,1017,305,0.753634894991922,0.76928895612708,1,1,0.0156540611351577,"TRUE"
"390",1172,1112,298,0.797278911564626,0.788652482269504,0,0,-0.00862642929512225,"TRUE"
"391",960,1035,279,0.774818401937046,0.787671232876712,1,1,0.0128528309396664,"TRUE"
"392",1016,1008,291,0.777352716143841,0.775981524249423,0,0,-0.00137119189441814,"TRUE"
"393",837,1098,252,0.768595041322314,0.813333333333333,1,1,0.0447382920110193,"TRUE"
"394",1021,1035,270,0.790859798605732,0.793103448275862,1,1,0.00224364967013013,"TRUE"
"395",1053,984,282,0.78876404494382,0.777251184834123,0,0,-0.011512860109697,"TRUE"
"396",935,848,253,0.787037037037037,0.770208900999092,0,0,-0.0168281360379453,"TRUE"
"397",959,1068,287,0.769662921348315,0.788191881918819,1,1,0.0185289605705046,"TRUE"
"398",1049,949,296,0.779925650557621,0.762248995983936,0,0,-0.0176766545736852,"TRUE"
"399",1094,1111,326,0.770422535211268,0.773138482950592,1,1,0.00271594773932393,"TRUE"
"400",923,976,255,0.783531409168082,0.79285134037368,1,1,0.00931993120559838,"TRUE"
"401",934,1056,274,0.77317880794702,0.793984962406015,1,1,0.0208061544589951,"TRUE"
"402",990,721,244,0.80226904376013,0.747150259067358,0,0,-0.0551187846927721,"TRUE"
"403",1091,1004,313,0.777065527065527,0.762338648443432,0,0,-0.0147268786220951,"TRUE"
"404",973,1052,279,0.777156549520767,0.79038317054846,1,1,0.0132266210276931,"TRUE"
"405",1075,967,302,0.780682643427742,0.762017336485422,0,0,-0.0186653069423199,"TRUE"
"406",1105,1128,291,0.791547277936963,0.79492600422833,1,1,0.00337872629136704,"TRUE"
"407",1104,1020,285,0.794816414686825,0.781609195402299,0,0,-0.0132072192845262,"TRUE"
"408",981,972,285,0.774881516587678,0.77326968973747,0,0,-0.00161182685020755,"TRUE"
"409",927,1224,307,0.751215559157212,0.799477465708687,1,1,0.0482619065514749,"TRUE"
"410",775,1139,284,0.731822474032106,0.800421644413212,1,1,0.0685991703811057,"TRUE"
"411",1036,1137,298,0.776611694152924,0.792334494773519,1,1,0.0157228006205956,"TRUE"
"412",993,1009,299,0.768575851393189,0.771406727828746,1,1,0.00283087643555735,"TRUE"
"413",1051,1058,299,0.778518518518518,0.779661016949153,1,1,0.00114249843063408,"TRUE"
"414",916,1117,306,0.749590834697218,0.784961349262122,1,1,0.0353705145649046,"TRUE"
"415",925,940,268,0.775356244761106,0.778145695364238,1,1,0.00278945060313196,"TRUE"
"416",1044,687,259,0.801227935533384,0.726215644820296,0,0,-0.0750122907130885,"TRUE"
"417",1004,1074,255,0.797458300238284,0.808126410835214,1,1,0.0106681105969301,"TRUE"
"418",812,878,216,0.78988326848249,0.802559414990859,1,1,0.012676146508369,"TRUE"
"419",938,1034,280,0.770114942528736,0.786910197869102,1,1,0.0167952553403664,"TRUE"
"420",979,1029,280,0.777601270849881,0.786096256684492,1,1,0.00849498583461117,"TRUE"
"421",1027,1054,287,0.78158295281583,0.785980611483967,1,1,0.00439765866813757,"TRUE"
"422",1053,1048,326,0.763596809282089,0.7627365356623,0,0,-0.000860273619788687,"TRUE"
"423",891,1186,304,0.745606694560669,0.795973154362416,1,1,0.0503664598017467,"TRUE"
"424",1033,1103,296,0.777276147479308,0.788420300214439,1,1,0.0111441527351311,"TRUE"
"425",981,1054,302,0.764614185502728,0.777286135693215,1,1,0.0126719501904874,"TRUE"
"426",962,1086,304,0.759873617693523,0.781294964028777,1,1,0.0214213463352541,"TRUE"
"427",917,998,277,0.768006700167504,0.782745098039216,1,1,0.0147383978717115,"TRUE"
"428",1094,814,213,0.837031369548585,0.792599805258033,0,0,-0.0444315642905515,"TRUE"
"429",940,1077,290,0.764227642276423,0.787856620336503,1,1,0.0236289780600805,"TRUE"
"430",899,1052,286,0.758649789029536,0.786248131539611,1,1,0.0275983425100755,"TRUE"
"431",1025,1105,301,0.773001508295626,0.785917496443812,1,1,0.0129159881481863,"TRUE"
"432",872,1199,297,0.745936698032506,0.801470588235294,1,1,0.0555338902027878,"TRUE"
"433",1029,742,240,0.810874704491726,0.755600814663951,0,0,-0.0552738898277746,"TRUE"
"434",1031,990,294,0.77811320754717,0.771028037383178,0,0,-0.00708517016399224,"TRUE"
"435",995,962,266,0.789056304520222,0.783387622149837,0,0,-0.00566868237038487,"TRUE"
"436",986,909,282,0.777602523659306,0.763224181360202,0,0,-0.0143783422991045,"TRUE"
"437",994,1077,321,0.755893536121673,0.770386266094421,1,1,0.0144927299727476,"TRUE"
"438",936,993,313,0.749399519615693,0.760336906584992,1,1,0.0109373869692998,"TRUE"
"439",995,1017,289,0.774922118380062,0.778713629402756,1,1,0.00379151102269415,"TRUE"
"440",1019,982,293,0.776676829268293,0.770196078431372,0,0,-0.00648075083692023,"TRUE"
"441",929,1183,297,0.757748776508972,0.799324324324324,1,1,0.041575547815352,"TRUE"
"442",1004,1091,255,0.797458300238284,0.810549777117385,1,1,0.0130914768791005,"TRUE"
"443",1071,952,281,0.792159763313609,0.772100567721006,0,0,-0.0200591955926038,"TRUE"
"444",971,1031,279,0.7768,0.787022900763359,1,1,0.0102229007633587,"TRUE"
"445",710,1110,224,0.76017130620985,0.83208395802099,1,1,0.0719126518111395,"TRUE"
"446",1117,847,284,0.797287651677373,0.748894783377542,0,0,-0.0483928682998312,"TRUE"
"447",1038,1015,310,0.770029673590504,0.766037735849057,0,0,-0.00399193774144779,"TRUE"
"448",1081,1085,316,0.773801002147459,0.774446823697359,1,1,0.000645821549900227,"TRUE"
"449",896,856,250,0.781849912739965,0.773960216998192,0,0,-0.00788969574177334,"TRUE"
"450",942,1019,258,0.785,0.79796397807361,1,1,0.0129639780736099,"TRUE"
"451",1004,1105,286,0.778294573643411,0.794392523364486,1,1,0.0160979497210751,"TRUE"
"452",1128,868,254,0.816208393632417,0.773618538324421,0,0,-0.0425898553079962,"TRUE"
"453",983,969,284,0.775848460931334,0.773343974461293,0,0,-0.00250448647004098,"TRUE"
"454",1043,1103,296,0.778939507094847,0.788420300214439,1,1,0.00948079311959193,"TRUE"
"455",847,1137,269,0.758960573476703,0.808677098150782,1,1,0.0497165246740798,"TRUE"
"456",965,1087,306,0.759244689221086,0.780330222541278,1,1,0.021085533320192,"TRUE"
"457",897,1050,261,0.774611398963731,0.80091533180778,1,1,0.0263039328440497,"TRUE"
"458",913,1073,251,0.784364261168385,0.810422960725076,1,1,0.0260586995566907,"TRUE"
"459",1075,952,305,0.778985507246377,0.757358790771679,0,0,-0.0216267164746983,"TRUE"
"460",982,968,288,0.773228346456693,0.770700636942675,0,0,-0.00252770951401771,"TRUE"
"461",963,1157,288,0.76978417266187,0.800692041522491,1,1,0.0309078688606209,"TRUE"
"462",979,1027,310,0.759503491078355,0.768137621540763,1,1,0.00863413046240757,"TRUE"
"463",1018,983,292,0.777099236641221,0.770980392156863,0,0,-0.00611884448435862,"TRUE"
"464",1099,1100,285,0.794075144508671,0.794223826714801,1,1,0.000148682206130846,"TRUE"
"465",977,1084,288,0.772332015810277,0.790087463556851,1,1,0.0177554477465747,"TRUE"
"466",980,1039,318,0.755007704160247,0.765659543109801,1,1,0.0106518389495545,"TRUE"
"467",885,1043,279,0.760309278350515,0.788956127080182,1,1,0.0286468487296662,"TRUE"
"468",962,946,282,0.773311897106109,0.770358306188925,0,0,-0.00295359091718428,"TRUE"
"469",1096,1013,272,0.801169590643275,0.788326848249027,0,0,-0.0128427423942477,"TRUE"
"470",859,1050,289,0.748257839721254,0.784167289021658,1,1,0.0359094493004036,"TRUE"
"471",1045,1095,315,0.768382352941177,0.776595744680851,1,1,0.0082133917396745,"TRUE"
"472",862,1099,278,0.756140350877193,0.798111837327524,1,1,0.0419714864503306,"TRUE"
"473",962,1021,303,0.760474308300395,0.771148036253776,1,1,0.0106737279533812,"TRUE"
"474",997,1022,283,0.77890625,0.783141762452107,1,1,0.00423551245210729,"TRUE"
"475",899,1072,294,0.753562447611065,0.784773060029283,1,1,0.0312106124182181,"TRUE"
"476",1101,954,297,0.78755364806867,0.762589928057554,0,0,-0.0249637200111156,"TRUE"
"477",836,1169,288,0.743772241992883,0.802333562113933,1,1,0.0585613201210501,"TRUE"
"478",1043,991,286,0.784800601956358,0.776037588097103,0,0,-0.0087630138592556,"TRUE"
"479",926,1160,287,0.763396537510305,0.801658604008293,1,1,0.038262066497988,"TRUE"
"480",944,1030,289,0.765612327656123,0.780894617134193,1,1,0.0152822894780693,"TRUE"
"481",824,1092,282,0.74502712477396,0.794759825327511,1,1,0.0497327005535506,"TRUE"
"482",995,1064,281,0.779780564263323,0.791078066914498,1,1,0.0112975026511752,"TRUE"
"483",986,1039,310,0.760802469135803,0.770200148257969,1,1,0.00939767912216638,"TRUE"
"484",867,957,288,0.750649350649351,0.768674698795181,1,1,0.01802534814583,"TRUE"
"485",1038,1019,283,0.785768357305072,0.782642089093702,0,0,-0.00312626821136985,"TRUE"
"486",857,1171,286,0.749781277340333,0.803706245710364,1,1,0.0539249683700312,"TRUE"
"487",1040,1189,299,0.776699029126214,0.799059139784946,1,1,0.0223601106587327,"TRUE"
"488",968,1128,303,0.761605035405193,0.788259958071279,1,1,0.026654922666086,"TRUE"
"489",934,994,298,0.758116883116883,0.769349845201238,1,1,0.0112329620843553,"TRUE"
"490",1045,1092,286,0.785123966942149,0.792452830188679,1,1,0.00732886324653048,"TRUE"
"491",759,1140,258,0.746312684365782,0.815450643776824,1,1,0.0691379594110424,"TRUE"
"492",997,1130,315,0.759908536585366,0.782006920415225,1,1,0.0220983838298591,"TRUE"
"493",1058,936,314,0.771137026239067,0.7488,0,0,-0.0223370262390671,"TRUE"
"494",994,1073,299,0.768754833720031,0.782069970845481,1,1,0.0133151371254501,"TRUE"
"495",1032,1102,325,0.760501105379514,0.772249474421864,1,1,0.0117483690423504,"TRUE"
"496",1009,1178,268,0.790133124510572,0.814661134163209,1,1,0.0245280096526372,"TRUE"
"497",1076,813,248,0.812688821752266,0.766258246936852,0,0,-0.0464305748154138,"TRUE"
"498",937,1060,255,0.786073825503356,0.806083650190114,1,1,0.0200098246867584,"TRUE"
"499",1003,1049,267,0.789763779527559,0.797112462006079,1,1,0.00734868247851994,"TRUE"
"500",1031,868,258,0.799844840961986,0.770870337477798,0,0,-0.0289745034841885,"TRUE"
"501",906,1146,296,0.753743760399334,0.794729542302358,1,1,0.0409857819030234,"TRUE"
"502",1014,1114,314,0.76355421686747,0.780112044817927,1,1,0.0165578279504573,"TRUE"
"503",920,877,250,0.786324786324786,0.778172138420586,0,0,-0.00815264790420067,"TRUE"
"504",1090,1044,294,0.78757225433526,0.780269058295964,0,0,-0.00730319603929597,"TRUE"
"505",949,1058,292,0.764705882352941,0.783703703703704,1,1,0.0189978213507626,"TRUE"
"506",1031,906,278,0.787624140565317,0.765202702702703,0,0,-0.0224214378626143,"TRUE"
"507",984,962,277,0.780333068992863,0.776432606941082,0,0,-0.00390046205178129,"TRUE"
"508",950,1197,283,0.770478507704785,0.808783783783784,1,1,0.0383052760789987,"TRUE"
"509",1073,1192,316,0.772498200143989,0.790450928381963,1,1,0.0179527282379743,"TRUE"
"510",1126,1107,303,0.787963610916725,0.785106382978723,0,0,-0.00285722793800158,"TRUE"
"511",1065,1021,290,0.785977859778598,0.778794813119756,0,0,-0.00718304665884184,"TRUE"
"512",1000,1072,301,0.768639508070715,0.780772032046613,1,1,0.0121325239758985,"TRUE"
"513",930,1079,300,0.75609756097561,0.782451051486584,1,1,0.0263534905109747,"TRUE"
"514",907,1145,285,0.760906040268456,0.800699300699301,1,1,0.0397932604308443,"TRUE"
"515",1008,977,281,0.78200155159038,0.776629570747218,0,0,-0.00537198084316226,"TRUE"
"516",1184,892,282,0.807639836289222,0.759795570698467,0,0,-0.0478442655907556,"TRUE"
"517",765,1140,259,0.7470703125,0.814867762687634,1,1,0.0677974501876341,"TRUE"
"518",1041,1123,307,0.772255192878338,0.785314685314685,1,1,0.013059492436347,"TRUE"
"519",657,1163,273,0.706451612903226,0.809888579387187,1,1,0.103436966483961,"TRUE"
"520",933,1139,284,0.766639276910436,0.800421644413212,1,1,0.033782367502776,"TRUE"
"521",962,1199,298,0.763492063492063,0.800935203740815,1,1,0.0374431402487515,"TRUE"
"522",1036,959,286,0.783661119515885,0.770281124497992,0,0,-0.013379995017893,"TRUE"
"523",927,1122,288,0.762962962962963,0.795744680851064,1,1,0.0327817178881009,"TRUE"
"524",974,1068,285,0.7736298649722,0.789356984478936,1,1,0.0157271195067354,"TRUE"
"525",678,1071,272,0.713684210526316,0.79746835443038,1,1,0.083784143904064,"TRUE"
"526",891,1025,271,0.766781411359725,0.790895061728395,1,1,0.0241136503686704,"TRUE"
"527",966,1034,265,0.784727863525589,0.795996920708237,1,1,0.0112690571826481,"TRUE"
"528",919,1019,280,0.766472060050042,0.784449576597383,1,1,0.0179775165473409,"TRUE"
"529",1124,1095,294,0.792665726375176,0.788336933045356,0,0,-0.00432879332981995,"TRUE"
"530",951,1036,289,0.766935483870968,0.78188679245283,1,1,0.0149513085818624,"TRUE"
"531",911,1024,288,0.759799833194329,0.780487804878049,1,1,0.0206879716837202,"TRUE"
"532",966,1062,291,0.768496420047733,0.784922394678492,1,1,0.0164259746307596,"TRUE"
"533",1011,1025,286,0.779491133384734,0.78184591914569,1,1,0.00235478576095638,"TRUE"
"534",938,830,243,0.79424216765453,0.773532152842498,0,0,-0.0207100148120324,"TRUE"
"535",1085,1055,295,0.786231884057971,0.781481481481481,0,0,-0.00475040257648962,"TRUE"
"536",739,1183,297,0.713320463320463,0.799324324324324,1,1,0.086003861003861,"TRUE"
"537",919,1083,285,0.76328903654485,0.791666666666667,1,1,0.0283776301218162,"TRUE"
"538",1017,1024,293,0.776335877862595,0.777524677296887,1,1,0.00118879943429151,"TRUE"
"539",859,1035,291,0.74695652173913,0.780542986425339,1,1,0.033586464686209,"TRUE"
"540",982,1201,310,0.760061919504644,0.794837855724686,1,1,0.0347759362200417,"TRUE"
"541",974,1021,281,0.77609561752988,0.784178187403994,1,1,0.00808256987411338,"TRUE"
"542",933,963,256,0.784693019343986,0.789991796554553,1,1,0.00529877721056637,"TRUE"
"543",932,943,269,0.776019983347211,0.778052805280528,1,1,0.00203282193331733,"TRUE"
"544",996,1158,310,0.762633996937213,0.788828337874659,1,1,0.0261943409374465,"TRUE"
"545",864,913,267,0.763925729442971,0.773728813559322,1,1,0.00980308411635122,"TRUE"
"546",918,1112,272,0.771428571428571,0.803468208092486,1,1,0.0320396366639141,"TRUE"
"547",1044,1177,305,0.773906597479615,0.794197031039136,1,1,0.0202904335595218,"TRUE"
"548",785,1016,230,0.773399014778325,0.815409309791332,1,1,0.0420102950130071,"TRUE"
"549",966,1066,302,0.761829652996845,0.779239766081871,1,1,0.0174101130850259,"TRUE"
"550",966,1064,317,0.752922837100546,0.770456191165822,1,1,0.0175333540652762,"TRUE"
"551",1042,1039,296,0.778774289985052,0.778277153558052,0,0,-0.000497136426999889,"TRUE"
"552",1036,1081,303,0.773711725168036,0.78106936416185,1,1,0.00735763899381381,"TRUE"
"553",1008,1004,293,0.774788624135281,0.774094063222822,0,0,-0.000694560912458675,"TRUE"
"554",987,1101,307,0.762751159196291,0.781960227272727,1,1,0.0192090680764367,"TRUE"
"555",805,959,228,0.779283639883834,0.807919123841618,1,1,0.028635483957784,"TRUE"
"556",935,1037,269,0.776578073089701,0.794027565084227,1,1,0.0174494919945257,"TRUE"
"557",1032,967,306,0.771300448430493,0.75962293794187,0,0,-0.0116775104886236,"TRUE"
"558",934,1215,302,0.755663430420712,0.800922874093606,1,1,0.0452594436728939,"TRUE"
"559",993,955,282,0.778823529411765,0.772029102667744,0,0,-0.0067944267440202,"TRUE"
"560",988,948,279,0.779794790844515,0.772616136919315,0,0,-0.00717865392519923,"TRUE"
"561",868,1038,277,0.758078602620087,0.7893536121673,1,1,0.0312750095472131,"TRUE"
"562",982,1107,294,0.769592476489028,0.790149892933619,1,1,0.0205574164445906,"TRUE"
"563",768,1038,280,0.732824427480916,0.787556904400607,1,1,0.054732476919691,"TRUE"
"564",1007,1127,310,0.76461655277145,0.784272790535839,1,1,0.0196562377643883,"TRUE"
"565",921,925,271,0.772651006711409,0.773411371237458,1,1,0.000760364526048773,"TRUE"
"566",1058,769,257,0.804562737642586,0.749512670565302,0,0,-0.0550500670772834,"TRUE"
"567",922,1008,286,0.763245033112583,0.778979907264297,1,1,0.015734874151714,"TRUE"
"568",916,1082,272,0.771043771043771,0.799113737075332,1,1,0.0280699660315613,"TRUE"
"569",993,1000,251,0.798231511254019,0.799360511590727,1,1,0.00112900033670815,"TRUE"
"570",889,1168,317,0.737147595356551,0.786531986531987,1,1,0.0493843911754359,"TRUE"
"571",1056,934,288,0.785714285714286,0.764320785597381,0,0,-0.0213935001169043,"TRUE"
"572",1083,1029,307,0.779136690647482,0.770209580838323,0,0,-0.00892710980915867,"TRUE"
"573",1075,1132,302,0.780682643427742,0.789400278940028,1,1,0.00871763551228633,"TRUE"
"574",862,1029,280,0.754816112084063,0.786096256684492,1,1,0.0312801446004289,"TRUE"
"575",902,1071,283,0.761181434599156,0.790989660265879,1,1,0.0298082256667228,"TRUE"
"576",1171,894,264,0.81602787456446,0.772020725388601,0,0,-0.0440071491758589,"TRUE"
"577",1089,1008,288,0.790849673202614,0.777777777777778,0,0,-0.0130718954248366,"TRUE"
"578",940,1054,285,0.76734693877551,0.787154592979836,1,1,0.0198076542043255,"TRUE"
"579",910,928,266,0.773809523809524,0.777219430485762,1,1,0.00340990667623831,"TRUE"
"580",814,1106,291,0.736651583710407,0.791696492483894,1,1,0.0550449087734868,"TRUE"
"581",991,1089,306,0.764070932922128,0.780645161290323,1,1,0.0165742283681946,"TRUE"
"582",907,991,266,0.773231031543052,0.788385043754972,1,1,0.0151540122119203,"TRUE"
"583",993,1075,296,0.770364623739333,0.784099197665937,1,1,0.0137345739266045,"TRUE"
"584",1091,944,299,0.784892086330935,0.759452936444087,0,0,-0.0254391498868484,"TRUE"
"585",842,1053,245,0.774609015639374,0.811248073959938,1,1,0.0366390583205639,"TRUE"
"586",1069,1087,272,0.797166293810589,0.799852832965416,1,1,0.00268653915482664,"TRUE"
"587",964,1095,302,0.761453396524487,0.783822476735863,1,1,0.022369080211376,"TRUE"
"588",1021,1187,294,0.776425855513308,0.801485482781904,1,1,0.0250596272685961,"TRUE"
"589",921,1039,275,0.770066889632107,0.790715372907154,1,1,0.0206484832750468,"TRUE"
"590",1069,1146,270,0.798356982823002,0.809322033898305,1,1,0.0109650510753028,"TRUE"
"591",970,1122,296,0.766192733017378,0.791255289139633,1,1,0.0250625561222557,"TRUE"
"592",881,1036,306,0.742207245155855,0.771982116244411,1,1,0.0297748710885563,"TRUE"
"593",829,1039,243,0.773320895522388,0.810452418096724,1,1,0.0371315225743358,"TRUE"
"594",1099,1062,315,0.777227722772277,0.77124183006536,0,0,-0.00598589270691774,"TRUE"
"595",909,829,268,0.772302463891249,0.755697356426618,0,0,-0.0166051074646308,"TRUE"
"596",788,921,247,0.761352657004831,0.788527397260274,1,1,0.0271747402554431,"TRUE"
"597",924,1197,314,0.746365105008078,0.792190602250165,1,1,0.045825497242088,"TRUE"
"598",1012,1042,294,0.774885145482389,0.779940119760479,1,1,0.0050549742780901,"TRUE"
"599",852,889,261,0.765498652291105,0.77304347826087,1,1,0.00754482596976447,"TRUE"
"600",971,1122,307,0.759780907668232,0.785164450664801,1,1,0.025383542996569,"TRUE"
"601",727,1209,275,0.725548902195609,0.814690026954178,1,1,0.0891411247585692,"TRUE"
"602",979,1053,287,0.773301737756714,0.785820895522388,1,1,0.012519157765674,"TRUE"
"603",875,1124,303,0.742784380305603,0.787666433076384,1,1,0.0448820527707814,"TRUE"
"604",1068,1068,303,0.778993435448578,0.778993435448578,0,0,0,"TRUE"
"605",911,1020,286,0.761069340016708,0.781010719754977,1,1,0.0199413797382686,"TRUE"
"606",1012,1092,304,0.768996960486322,0.782234957020057,1,1,0.0132379965337351,"TRUE"
"607",1118,1044,306,0.785112359550562,0.773333333333333,0,0,-0.0117790262172285,"TRUE"
"608",1075,1009,300,0.781818181818182,0.770817417876241,0,0,-0.0110007639419405,"TRUE"
"609",1001,933,267,0.789432176656151,0.7775,0,0,-0.0119321766561514,"TRUE"
"610",934,1147,307,0.752618855761483,0.788858321870701,1,1,0.0362394661092188,"TRUE"
"611",885,1179,290,0.753191489361702,0.802586793737236,1,1,0.0493953043755341,"TRUE"
"612",1070,1078,301,0.780452224653538,0.781725888324873,1,1,0.00127366367133552,"TRUE"
"613",976,999,280,0.777070063694268,0.781078967943706,1,1,0.00400890424943845,"TRUE"
"614",1103,1126,327,0.771328671328671,0.774948382656573,1,1,0.00361971132790129,"TRUE"
"615",998,1133,321,0.756633813495072,0.779229711141678,1,1,0.0225958976466062,"TRUE"
"616",1019,930,291,0.777862595419847,0.761670761670762,0,0,-0.0161918337490857,"TRUE"
"617",935,1212,304,0.754640839386602,0.799472295514512,1,1,0.0448314561279097,"TRUE"
"618",1019,935,244,0.806809184481393,0.793044953350297,0,0,-0.0137642311310966,"TRUE"
"619",1074,1038,276,0.795555555555556,0.789954337899543,0,0,-0.00560121765601218,"TRUE"
"620",765,1122,269,0.739845261121857,0.806613946800863,1,1,0.0667686856790058,"TRUE"
"621",933,1145,271,0.774916943521595,0.80861581920904,1,1,0.0336988756874449,"TRUE"
"622",992,963,294,0.771384136858476,0.766109785202864,0,0,-0.00527435165561185,"TRUE"
"623",966,1000,299,0.763636363636364,0.769822940723634,1,1,0.00618657708726988,"TRUE"
"624",1051,1115,293,0.781994047619048,0.791903409090909,1,1,0.00990936147186139,"TRUE"
"625",977,1101,284,0.774781919111816,0.794945848375451,1,1,0.0201639292636352,"TRUE"
"626",913,1033,276,0.767872161480236,0.789152024446142,1,1,0.0212798629659066,"TRUE"
"627",1015,1012,286,0.780169100691776,0.779661016949153,0,0,-0.000508083742623011,"TRUE"
"628",885,1161,274,0.763589301121657,0.809059233449477,1,1,0.0454699323278208,"TRUE"
"629",846,1225,318,0.72680412371134,0.793907971484122,1,1,0.0671038477727817,"TRUE"
"630",1078,999,301,0.781725888324873,0.768461538461538,0,0,-0.0132643498633347,"TRUE"
"631",830,1104,295,0.737777777777778,0.789135096497498,1,1,0.0513573187197205,"TRUE"
"632",1055,1022,302,0.777450257921886,0.77190332326284,0,0,-0.00554693465904665,"TRUE"
"633",1036,1182,304,0.773134328358209,0.795423956931359,1,1,0.0222896285731504,"TRUE"
"634",929,1158,313,0.747987117552335,0.787219578518015,1,1,0.03923246096568,"TRUE"
"635",985,1130,290,0.772549019607843,0.795774647887324,1,1,0.0232256282794808,"TRUE"
"636",930,1016,292,0.761047463175123,0.776758409785933,1,1,0.01571094661081,"TRUE"
"637",1090,956,275,0.798534798534799,0.776604386677498,0,0,-0.0219304118573006,"TRUE"
"638",909,1045,283,0.76258389261745,0.786897590361446,1,1,0.0243136977439962,"TRUE"
"639",842,1000,249,0.771769019248396,0.800640512409928,1,1,0.028871493161532,"TRUE"
"640",946,1074,297,0.761061946902655,0.783369803063457,1,1,0.0223078561608026,"TRUE"
"641",859,1044,284,0.751531058617673,0.786144578313253,1,1,0.0346135196955802,"TRUE"
"642",969,1051,286,0.772111553784861,0.786088257292446,1,1,0.0139767035075853,"TRUE"
"643",930,1193,303,0.754257907542579,0.797459893048128,1,1,0.0432019855055493,"TRUE"
"644",1142,1088,300,0.791955617198336,0.783861671469741,0,0,-0.00809394572859501,"TRUE"
"645",1037,1198,310,0.769858945805494,0.794429708222812,1,1,0.0245707624173179,"TRUE"
"646",952,1107,289,0.767123287671233,0.79297994269341,1,1,0.0258566550221769,"TRUE"
"647",984,1106,281,0.777865612648221,0.797404470079308,1,1,0.0195388574310865,"TRUE"
"648",829,961,282,0.746174617461746,0.773129525341915,1,1,0.0269549078801685,"TRUE"
"649",942,911,254,0.787625418060201,0.781974248927039,0,0,-0.0056511691331621,"TRUE"
"650",883,1171,283,0.757289879931389,0.805364511691884,1,1,0.0480746317604951,"TRUE"
"651",741,1011,261,0.739520958083832,0.794811320754717,1,1,0.0552903626708846,"TRUE"
"652",965,911,262,0.786471067644662,0.776641091219096,0,0,-0.00982997642556549,"TRUE"
"653",1042,1055,283,0.786415094339623,0.788490284005979,1,1,0.00207518966635645,"TRUE"
"654",908,998,279,0.764953664700927,0.781519185591229,1,1,0.0165655208903027,"TRUE"
"655",968,1019,290,0.769475357710652,0.778456837280367,1,1,0.00898147956971496,"TRUE"
"656",1039,1194,331,0.758394160583942,0.782950819672131,1,1,0.0245566590881895,"TRUE"
"657",969,968,282,0.774580335731415,0.7744,0,0,-0.000180335731414849,"TRUE"
"658",901,1084,276,0.765505522514868,0.797058823529412,1,1,0.0315533010145435,"TRUE"
"659",1014,1005,274,0.787267080745342,0.785770132916341,0,0,-0.00149694782900067,"TRUE"
"660",909,752,211,0.811607142857143,0.780893042575286,0,0,-0.0307141002818573,"TRUE"
"661",985,1090,301,0.765940902021773,0.783608914450036,1,1,0.0176680124282631,"TRUE"
"662",911,1067,317,0.74185667752443,0.770953757225434,1,1,0.0290970797010036,"TRUE"
"663",935,818,260,0.782426778242678,0.758812615955473,0,0,-0.0236141622872047,"TRUE"
"664",998,1172,285,0.777864380358535,0.804392587508579,1,1,0.0265282071500446,"TRUE"
"665",936,920,266,0.778702163061564,0.775716694772344,0,0,-0.00298546828921997,"TRUE"
"666",1034,979,252,0.804043545878694,0.795288383428107,0,0,-0.00875516245058638,"TRUE"
"667",1055,1159,293,0.782640949554896,0.798209366391185,1,1,0.0155684168362884,"TRUE"
"668",1139,1003,289,0.797619047619048,0.776315789473684,0,0,-0.0213032581453635,"TRUE"
"669",1024,932,239,0.81076801266825,0.795900939368061,0,0,-0.0148670733001887,"TRUE"
"670",1017,881,276,0.786542923433875,0.761452031114952,0,0,-0.0250908923189223,"TRUE"
"671",912,981,274,0.768971332209106,0.781673306772908,1,1,0.0127019745638022,"TRUE"
"672",837,919,256,0.765782250686185,0.782127659574468,1,1,0.0163454088882833,"TRUE"
"673",1040,1102,271,0.793287566742944,0.802621995630007,1,1,0.00933442888706293,"TRUE"
"674",1006,847,250,0.800955414012739,0.772105742935278,0,0,-0.0288496710774608,"TRUE"
"675",930,1112,311,0.749395648670427,0.781447645818693,1,1,0.0320519971482658,"TRUE"
"676",1004,888,282,0.780715396578538,0.758974358974359,0,0,-0.0217410376041791,"TRUE"
"677",1041,935,297,0.778026905829596,0.758928571428571,0,0,-0.019098334401025,"TRUE"
"678",898,1021,284,0.759729272419628,0.782375478927203,1,1,0.0226462065075753,"TRUE"
"679",1029,980,288,0.781321184510251,0.772870662460568,0,0,-0.00845052204968277,"TRUE"
"680",1051,1109,278,0.790820165537998,0.799567411679885,1,1,0.00874724614188616,"TRUE"
"681",1042,1012,296,0.778774289985052,0.773700305810398,0,0,-0.00507398417465477,"TRUE"
"682",807,1192,307,0.724416517055655,0.795196797865243,1,1,0.0707802808095881,"TRUE"
"683",989,1070,310,0.761354888375674,0.77536231884058,1,1,0.0140074304649062,"TRUE"
"684",929,879,247,0.789965986394558,0.780639431616341,0,0,-0.00932655477821676,"TRUE"
"685",1141,1086,298,0.792911744266852,0.784682080924855,0,0,-0.00822966334199648,"TRUE"
"686",910,957,269,0.771840542832909,0.780587275693312,1,1,0.00874673286040228,"TRUE"
"687",975,1160,287,0.772583201267829,0.801658604008293,1,1,0.0290754027404642,"TRUE"
"688",982,1106,296,0.768388106416275,0.788873038516405,1,1,0.0204849321001297,"TRUE"
"689",913,1015,240,0.7918473547268,0.808764940239044,1,1,0.0169175855122441,"TRUE"
"690",1098,1049,286,0.793352601156069,0.785767790262172,0,0,-0.00758481089389706,"TRUE"
"691",984,1134,311,0.75984555984556,0.78477508650519,1,1,0.0249295266596306,"TRUE"
"692",759,946,260,0.744847890088322,0.78441127694859,1,1,0.0395633868602685,"TRUE"
"693",995,1206,292,0.773115773115773,0.805073431241656,1,1,0.0319576581258825,"TRUE"
"694",899,912,270,0.769033361847733,0.771573604060914,1,1,0.00254024221318061,"TRUE"
"695",812,1169,281,0.742909423604758,0.806206896551724,1,1,0.0632974729469666,"TRUE"
"696",1028,1172,301,0.773513920240783,0.795655125594026,1,1,0.0221412053532433,"TRUE"
"697",898,1067,299,0.750208855472013,0.781112737920937,1,1,0.0309038824489237,"TRUE"
"698",1088,905,295,0.786695589298626,0.754166666666667,0,0,-0.0325289226319595,"TRUE"
"699",1063,1079,273,0.79565868263473,0.798076923076923,1,1,0.00241824044219263,"TRUE"
"700",980,886,277,0.779634049323787,0.761822871883061,0,0,-0.0178111774407257,"TRUE"
"701",973,1117,308,0.759562841530055,0.783859649122807,1,1,0.0242968075927524,"TRUE"
"702",1031,1059,276,0.788829380260138,0.793258426966292,1,1,0.0044290467061544,"TRUE"
"703",973,945,283,0.77468152866242,0.769543973941368,0,0,-0.00513755472105226,"TRUE"
"704",896,989,279,0.762553191489362,0.779968454258675,1,1,0.0174152627693134,"TRUE"
"705",1083,964,248,0.813673929376409,0.795379537953795,0,0,-0.0182943914226134,"TRUE"
"706",961,918,273,0.778768233387358,0.770780856423174,0,0,-0.00798737696418439,"TRUE"
"707",924,1013,271,0.773221757322176,0.788940809968847,1,1,0.0157190526466716,"TRUE"
"708",866,1063,271,0.761653474054529,0.796851574212894,1,1,0.0351981001583641,"TRUE"
"709",882,982,284,0.756432246998285,0.77567140600316,1,1,0.0192391590048748,"TRUE"
"710",1082,1111,311,0.776740847092606,0.781293952180028,1,1,0.00455310508742224,"TRUE"
"711",995,1004,283,0.778560250391236,0.78010878010878,1,1,0.00154852971754382,"TRUE"
"712",922,1082,291,0.760098928276999,0.788055353241078,1,1,0.0279564249640787,"TRUE"
"713",984,1196,300,0.766355140186916,0.799465240641711,1,1,0.0331101004547953,"TRUE"
"714",879,1197,309,0.73989898989899,0.794820717131474,1,1,0.0549217272324841,"TRUE"
"715",834,1096,266,0.758181818181818,0.804698972099853,1,1,0.046517153918035,"TRUE"
"716",942,1101,292,0.763371150729335,0.790380473797559,1,1,0.0270093230682238,"TRUE"
"717",1033,962,289,0.781391830559758,0.76898481215028,0,0,-0.0124070184094781,"TRUE"
"718",961,916,255,0.790296052631579,0.782237403928266,0,0,-0.00805864870331252,"TRUE"
"719",886,1122,277,0.761822871883061,0.802001429592566,1,1,0.0401785577095051,"TRUE"
"720",938,954,287,0.765714285714286,0.768734891216761,1,1,0.00302060550247496,"TRUE"
"721",1016,983,296,0.774390243902439,0.768569194683346,0,0,-0.00582104921909266,"TRUE"
"722",1044,970,273,0.792710706150342,0.780370072405471,0,0,-0.012340633744871,"TRUE"
"723",1040,1085,299,0.776699029126214,0.783959537572254,1,1,0.00726050844604076,"TRUE"
"724",906,1154,310,0.745065789473684,0.788251366120219,1,1,0.0431855766465344,"TRUE"
"725",1053,1118,309,0.773127753303965,0.783461807988788,1,1,0.0103340546848228,"TRUE"
"726",1052,1078,299,0.778682457438934,0.782861292665214,1,1,0.00417883522628004,"TRUE"
"727",1025,1099,296,0.775927327781983,0.787813620071685,1,1,0.0118862922897012,"TRUE"
"728",864,1036,283,0.753269398430689,0.785443517816528,1,1,0.0321741193858389,"TRUE"
"729",851,1217,316,0.729220222793488,0.793868232224397,1,1,0.0646480094309091,"TRUE"
"730",924,1025,281,0.766804979253112,0.784839203675345,1,1,0.0180342244222325,"TRUE"
"731",1028,1045,280,0.785932721712538,0.788679245283019,1,1,0.00274652357048066,"TRUE"
"732",888,1105,288,0.755102040816326,0.793251974156497,1,1,0.0381499333401703,"TRUE"
"733",936,993,264,0.78,0.789976133651551,1,1,0.00997613365155126,"TRUE"
"734",890,967,272,0.76592082616179,0.78046811945117,1,1,0.0145472932893803,"TRUE"
"735",986,1020,304,0.764341085271318,0.770392749244713,1,1,0.00605166397339518,"TRUE"
"736",1096,931,293,0.789056875449964,0.76062091503268,0,0,-0.0284359604172844,"TRUE"
"737",1056,982,299,0.779335793357934,0.766588602654176,0,0,-0.0127471907037572,"TRUE"
"738",1003,996,279,0.782371294851794,0.781176470588235,0,0,-0.00119482426355877,"TRUE"
"739",1022,1168,323,0.759851301115242,0.78336686787391,1,1,0.0235155667586684,"TRUE"
"740",1069,1165,319,0.770172910662824,0.785040431266846,1,1,0.0148675206040221,"TRUE"
"741",1101,1028,321,0.774261603375527,0.762045959970348,0,0,-0.012215643405179,"TRUE"
"742",1044,1145,306,0.773333333333333,0.789110957960028,1,1,0.0157776246266943,"TRUE"
"743",1012,976,282,0.782071097372488,0.775834658187599,0,0,-0.00623643918488903,"TRUE"
"744",1002,1081,288,0.776744186046512,0.789627465303141,1,1,0.0128832792566294,"TRUE"
"745",905,1063,277,0.765651438240271,0.793283582089552,1,1,0.0276321438492815,"TRUE"
"746",982,1148,315,0.757131842713955,0.784688995215311,1,1,0.0275571525013557,"TRUE"
"747",892,882,270,0.767641996557659,0.765625,0,0,-0.00201699655765919,"TRUE"
"748",936,899,263,0.780650542118432,0.773666092943201,0,0,-0.00698444917523067,"TRUE"
"749",871,1239,311,0.736886632825719,0.799354838709677,1,1,0.0624682058839583,"TRUE"
"750",896,1162,301,0.748538011695906,0.794258373205742,1,1,0.0457203615098353,"TRUE"
"751",1085,1161,288,0.790240349599417,0.801242236024845,1,1,0.0110018864254273,"TRUE"
"752",919,1122,280,0.766472060050042,0.800285306704708,1,1,0.0338132466546659,"TRUE"
"753",930,1084,315,0.746987951807229,0.774839170836312,1,1,0.0278512190290827,"TRUE"
"754",1082,1173,327,0.76792051100071,0.782,1,1,0.0140794889992903,"TRUE"
"755",913,1076,275,0.768518518518518,0.796447076239822,1,1,0.0279285577213039,"TRUE"
"756",1103,1012,301,0.785612535612536,0.770753998476771,0,0,-0.0148585371357649,"TRUE"
"757",978,1251,331,0.747135217723453,0.790771175726928,1,1,0.0436359580034749,"TRUE"
"758",948,1153,306,0.755980861244019,0.790267306374229,1,1,0.0342864451302098,"TRUE"
"759",919,1057,271,0.772268907563025,0.795933734939759,1,1,0.0236648273767338,"TRUE"
"760",1060,966,293,0.783444198078344,0.767275615567911,0,0,-0.0161685825104334,"TRUE"
"761",854,994,218,0.796641791044776,0.82013201320132,1,1,0.0234902221565439,"TRUE"
"762",1033,901,273,0.790964777947933,0.767461669505963,0,0,-0.0235031084419701,"TRUE"
"763",913,1169,304,0.750205423171734,0.793618465716225,1,1,0.0434130425444916,"TRUE"
"764",918,1141,259,0.779949022939677,0.815,1,1,0.0350509770603228,"TRUE"
"765",842,1214,287,0.745792736935341,0.808794137241839,1,1,0.0630014003064978,"TRUE"
"766",905,1095,268,0.77152600170503,0.803374908290536,1,1,0.0318489065855058,"TRUE"
"767",955,1043,292,0.765838011226945,0.7812734082397,1,1,0.0154353970127558,"TRUE"
"768",1018,1028,300,0.772382397572079,0.774096385542169,1,1,0.0017139879700897,"TRUE"
"769",1055,918,271,0.795625942684766,0.772077375946173,0,0,-0.023548566738593,"TRUE"
"770",993,1102,272,0.78498023715415,0.802037845705968,1,1,0.0170576085518177,"TRUE"
"771",943,1051,265,0.780629139072848,0.798632218844985,1,1,0.0180030797721371,"TRUE"
"772",1100,854,286,0.793650793650794,0.749122807017544,0,0,-0.0445279866332497,"TRUE"
"773",917,963,268,0.773839662447257,0.782290820471162,1,1,0.00845115802390417,"TRUE"
"774",890,1034,282,0.75938566552901,0.785714285714286,1,1,0.0263286201852755,"TRUE"
"775",1053,1111,295,0.781157270029674,0.790184921763869,1,1,0.00902765173419551,"TRUE"
"776",742,903,256,0.743486973947896,0.779119930974978,1,1,0.0356329570270827,"TRUE"
"777",1002,1157,302,0.76840490797546,0.793008910212474,1,1,0.0246040022370142,"TRUE"
"778",899,1108,280,0.762510602205259,0.798270893371758,1,1,0.0357602911664993,"TRUE"
"779",965,1028,315,0.75390625,0.765450483991065,1,1,0.0115442339910647,"TRUE"
"780",1017,1191,302,0.7710386656558,0.797722705961152,1,1,0.0266840403053522,"TRUE"
"781",789,1097,281,0.737383177570093,0.796081277213353,1,1,0.0586980996432592,"TRUE"
"782",893,1150,319,0.736798679867987,0.78284547311096,1,1,0.0460467932429731,"TRUE"
"783",945,1013,287,0.767045454545455,0.779230769230769,1,1,0.0121853146853147,"TRUE"
"784",809,1071,272,0.748381128584644,0.79746835443038,1,1,0.0490872258457359,"TRUE"
"785",1054,871,261,0.801520912547529,0.769434628975265,0,0,-0.0320862835722635,"TRUE"
"786",894,917,272,0.76672384219554,0.771236333052986,1,1,0.00451249085744532,"TRUE"
"787",987,1114,304,0.764523625096824,0.785613540197461,1,1,0.0210899151006371,"TRUE"
"788",846,1170,301,0.737576285963383,0.79537729435758,1,1,0.0578010083941971,"TRUE"
"789",1085,1147,328,0.767869780608634,0.777627118644068,1,1,0.00975733803543366,"TRUE"
"790",1045,1110,298,0.778108711839166,0.788352272727273,1,1,0.0102435608881066,"TRUE"
"791",936,1064,276,0.772277227722772,0.794029850746269,1,1,0.0217526230234963,"TRUE"
"792",965,1132,315,0.75390625,0.782308223911541,1,1,0.0284019739115411,"TRUE"
"793",756,1138,274,0.733980582524272,0.805949008498584,1,1,0.0719684259743116,"TRUE"
"794",1062,965,281,0.790766939687267,0.774478330658106,0,0,-0.0162886090291614,"TRUE"
"795",1052,976,264,0.799392097264438,0.787096774193548,0,0,-0.0122953230708893,"TRUE"
"796",953,1114,274,0.776691116544417,0.802593659942363,1,1,0.0259025433979458,"TRUE"
"797",1086,1005,296,0.785817655571635,0.772482705611068,0,0,-0.0133349499605669,"TRUE"
"798",992,1175,322,0.754946727549467,0.784903139612558,1,1,0.0299564120630912,"TRUE"
"799",944,901,275,0.774405250205086,0.766156462585034,0,0,-0.0082487876200521,"TRUE"
"800",1002,1001,281,0.780982073265783,0.780811232449298,0,0,-0.000170840816485329,"TRUE"
"801",920,1039,277,0.76858813700919,0.78951367781155,1,1,0.0209255408023605,"TRUE"
"802",1084,959,275,0.797645327446652,0.777147487844408,0,0,-0.0204978396022435,"TRUE"
"803",1022,1107,281,0.784343821949348,0.797550432276657,1,1,0.0132066103273093,"TRUE"
"804",941,947,274,0.774485596707819,0.775593775593776,1,1,0.00110817888595671,"TRUE"
"805",1031,1176,312,0.767684288905436,0.790322580645161,1,1,0.0226382917397256,"TRUE"
"806",996,1119,299,0.769111969111969,0.789139633286319,1,1,0.0200276641743496,"TRUE"
"807",1038,1178,309,0.770601336302895,0.792199058507061,1,1,0.0215977222041659,"TRUE"
"808",947,1020,289,0.766181229773463,0.779220779220779,1,1,0.0130395494473164,"TRUE"
"809",1070,1156,310,0.77536231884058,0.788540245566166,1,1,0.0131779267255867,"TRUE"
"810",1098,917,309,0.780383795309168,0.747960848287113,0,0,-0.0324229470220559,"TRUE"
"811",1016,951,287,0.779739063699156,0.768174474959612,0,0,-0.0115645887395435,"TRUE"
"812",1014,1029,295,0.774637127578304,0.777190332326284,1,1,0.00255320474797993,"TRUE"
"813",1086,953,290,0.789244186046512,0.766693483507643,0,0,-0.0225507025388688,"TRUE"
"814",778,941,234,0.768774703557312,0.800851063829787,1,1,0.032076360272475,"TRUE"
"815",1057,1170,305,0.776064610866373,0.793220338983051,1,1,0.0171557281166779,"TRUE"
"816",856,1141,269,0.760888888888889,0.809219858156028,1,1,0.0483309692671395,"TRUE"
"817",932,1007,287,0.764561115668581,0.778207109737249,1,1,0.0136459940686681,"TRUE"
"818",969,1098,287,0.771496815286624,0.792779783393502,1,1,0.0212829681068777,"TRUE"
"819",969,1008,277,0.7776886035313,0.78443579766537,1,1,0.00674719413406943,"TRUE"
"820",1098,1028,281,0.796229151559101,0.785332314744079,0,0,-0.0108968368150213,"TRUE"
"821",1014,971,277,0.785437645236251,0.778044871794872,0,0,-0.00739277344137912,"TRUE"
"822",942,1021,283,0.768979591836735,0.782975460122699,1,1,0.0139958682859647,"TRUE"
"823",1009,1111,306,0.767300380228137,0.784050811573747,1,1,0.0167504313456105,"TRUE"
"824",894,1157,287,0.756985605419136,0.801246537396122,1,1,0.0442609319769856,"TRUE"
"825",941,1081,316,0.748607796340493,0.773801002147459,1,1,0.0251932058069656,"TRUE"
"826",877,1204,282,0.756686798964625,0.810228802153432,1,1,0.0535420031888074,"TRUE"
"827",983,1048,280,0.778305621536025,0.789156626506024,1,1,0.0108510049699988,"TRUE"
"828",968,975,282,0.7744,0.775656324582339,1,1,0.00125632458233893,"TRUE"
"829",1077,1079,301,0.781567489114659,0.781884057971014,1,1,0.000316568856355559,"TRUE"
"830",900,903,269,0.76988879384089,0.770477815699659,1,1,0.000589021858769079,"TRUE"
"831",1096,816,228,0.827794561933535,0.781609195402299,0,0,-0.0461853665312358,"TRUE"
"832",1095,1229,305,0.782142857142857,0.801173402868318,1,1,0.019030545725461,"TRUE"
"833",981,1075,292,0.770620581304006,0.786393562545721,1,1,0.0157729812417143,"TRUE"
"834",952,1050,301,0.759776536312849,0.77720207253886,1,1,0.017425536226011,"TRUE"
"835",922,1106,333,0.734661354581673,0.768589298123697,1,1,0.0339279435420238,"TRUE"
"836",1118,839,280,0.799713876967096,0.749776586237712,0,0,-0.0499372907293836,"TRUE"
"837",878,983,273,0.762814943527368,0.782643312101911,1,1,0.0198283685745433,"TRUE"
"838",988,943,284,0.776729559748428,0.768541157294214,0,0,-0.00818840245421415,"TRUE"
"839",1000,1218,310,0.763358778625954,0.797120418848168,1,1,0.0337616402222133,"TRUE"
"840",979,1154,292,0.770259638080252,0.798063623789765,1,1,0.0278039857095131,"TRUE"
"841",1031,885,215,0.827447833065811,0.804545454545455,0,0,-0.022902378520356,"TRUE"
"842",919,1073,298,0.755135579293344,0.782640408460977,1,1,0.0275048291676331,"TRUE"
"843",877,807,249,0.77886323268206,0.764204545454545,0,0,-0.014658687227515,"TRUE"
"844",989,1078,309,0.761941448382126,0.777217015140591,1,1,0.0152755667584649,"TRUE"
"845",1107,940,294,0.790149892933619,0.761750405186386,0,0,-0.0283994877472331,"TRUE"
"846",981,1163,300,0.765807962529274,0.794941900205058,1,1,0.0291339376757841,"TRUE"
"847",1079,1159,316,0.773476702508961,0.785762711864407,1,1,0.0122860093554462,"TRUE"
"848",987,886,277,0.780854430379747,0.761822871883061,0,0,-0.0190315584966858,"TRUE"
"849",1041,1099,306,0.7728285077951,0.78220640569395,1,1,0.00937789789884991,"TRUE"
"850",981,1157,278,0.779189833200953,0.806271777003484,1,1,0.0270819438025311,"TRUE"
"851",966,1084,301,0.762430939226519,0.782671480144404,1,1,0.020240540917885,"TRUE"
"852",854,1139,288,0.747810858143608,0.798177995795375,1,1,0.0503671376517673,"TRUE"
"853",1099,1074,304,0.783321454027085,0.779390420899855,0,0,-0.00393103312722998,"TRUE"
"854",1013,1066,307,0.767424242424242,0.776402039329934,1,1,0.008977796905692,"TRUE"
"855",1033,1149,322,0.762361623616236,0.781101291638341,1,1,0.0187396680221051,"TRUE"
"856",866,1070,253,0.77390527256479,0.808767951625095,1,1,0.0348626790603045,"TRUE"
"857",1132,898,232,0.829912023460411,0.794690265486726,0,0,-0.035221757973685,"TRUE"
"858",1079,1051,281,0.793382352941176,0.789039039039039,0,0,-0.00434331390213738,"TRUE"
"859",806,1009,268,0.750465549348231,0.790133124510572,1,1,0.0396675751623407,"TRUE"
"860",948,1073,291,0.765133171912833,0.786656891495601,1,1,0.0215237195827682,"TRUE"
"861",1027,1053,279,0.786370597243492,0.790540540540541,1,1,0.00416994329704901,"TRUE"
"862",1133,941,303,0.78899721448468,0.756430868167203,0,0,-0.032566346317477,"TRUE"
"863",974,967,256,0.791869918699187,0.790678659035159,0,0,-0.00119125966402756,"TRUE"
"864",972,1104,290,0.770206022187005,0.791965566714491,1,1,0.021759544527486,"TRUE"
"865",1125,1143,316,0.780707841776544,0.783413296778615,1,1,0.00270545500207142,"TRUE"
"866",875,1124,268,0.765529308836395,0.807471264367816,1,1,0.0419419555314207,"TRUE"
"867",1020,982,273,0.788863109048724,0.782470119521912,0,0,-0.00639298952681155,"TRUE"
"868",1003,1144,318,0.759273277819833,0.782489740082079,1,1,0.0232164622622459,"TRUE"
"869",1006,950,270,0.788401253918495,0.778688524590164,0,0,-0.00971272932833134,"TRUE"
"870",978,1018,237,0.804938271604938,0.811155378486056,1,1,0.00621710688111754,"TRUE"
"871",954,1079,306,0.757142857142857,0.779061371841155,1,1,0.0219185146982981,"TRUE"
"872",816,1060,272,0.75,0.795795795795796,1,1,0.0457957957957958,"TRUE"
"873",877,768,238,0.786547085201794,0.763419483101392,0,0,-0.0231276021004021,"TRUE"
"874",865,999,257,0.770944741532977,0.795382165605096,1,1,0.0244374240721187,"TRUE"
"875",1037,1083,305,0.772727272727273,0.780259365994236,1,1,0.00753209326696358,"TRUE"
"876",952,1002,284,0.770226537216828,0.779160186625194,1,1,0.00893364940836594,"TRUE"
"877",877,1142,281,0.7573402417962,0.802529866479269,1,1,0.0451896246830689,"TRUE"
"878",1021,1075,288,0.779984721161192,0.788701393983859,1,1,0.00871667282266742,"TRUE"
"879",887,897,261,0.772648083623693,0.774611398963731,1,1,0.00196331534003713,"TRUE"
"880",1054,1073,291,0.78364312267658,0.786656891495601,1,1,0.00301376881902127,"TRUE"
"881",1018,993,285,0.781273983115886,0.776995305164319,0,0,-0.00427867795156711,"TRUE"
"882",1092,1134,294,0.787878787878788,0.794117647058823,1,1,0.00623885918003564,"TRUE"
"883",1010,1017,297,0.772762050497322,0.773972602739726,1,1,0.00121055224240385,"TRUE"
"884",1062,1126,296,0.782032400589102,0.791842475386779,1,1,0.00981007479767759,"TRUE"
"885",969,1051,308,0.758809710258418,0.77336276674025,1,1,0.014553056481832,"TRUE"
"886",1008,964,283,0.780790085205267,0.773055332798717,0,0,-0.0077347524065503,"TRUE"
"887",938,1047,281,0.769483182936833,0.788403614457831,1,1,0.0189204315209979,"TRUE"
"888",945,1102,285,0.768292682926829,0.794520547945205,1,1,0.0262278650183762,"TRUE"
"889",941,1184,303,0.756430868167203,0.796234028244788,1,1,0.0398031600775856,"TRUE"
"890",991,893,264,0.789641434262948,0.771823681936041,0,0,-0.0178177523269067,"TRUE"
"891",1030,1216,317,0.764662212323682,0.793215916503588,1,1,0.0285537041799054,"TRUE"
"892",955,1017,277,0.775162337662338,0.785935085007728,1,1,0.0107727473453904,"TRUE"
"893",887,1137,262,0.771975630983464,0.812723373838456,1,1,0.0407477428549922,"TRUE"
"894",870,1064,278,0.757839721254355,0.792846497764531,1,1,0.0350067765101751,"TRUE"
"895",968,978,276,0.778135048231511,0.779904306220096,1,1,0.00176925798858441,"TRUE"
"896",1060,1164,336,0.759312320916905,0.776,1,1,0.0166876790830945,"TRUE"
"897",904,1086,262,0.775300171526587,0.805637982195846,1,1,0.0303378106692591,"TRUE"
"898",1046,1132,327,0.761835396941005,0.775873886223441,1,1,0.0140384892824356,"TRUE"
"899",915,945,278,0.766974015088013,0.772690106295993,1,1,0.00571609120798,"TRUE"
"900",932,960,300,0.756493506493506,0.761904761904762,1,1,0.00541125541125542,"TRUE"
"901",912,1068,279,0.765743073047859,0.792873051224944,1,1,0.0271299781770854,"TRUE"
"902",1083,1131,306,0.779697624190065,0.78705636743215,1,1,0.00735874324208552,"TRUE"
"903",1037,972,294,0.779113448534936,0.767772511848341,0,0,-0.0113409366865949,"TRUE"
"904",969,1042,278,0.777064955894146,0.789393939393939,1,1,0.0123289834997935,"TRUE"
"905",796,882,249,0.761722488038277,0.779840848806366,1,1,0.0181183607680886,"TRUE"
"906",901,1124,274,0.766808510638298,0.804005722460658,1,1,0.0371972118223601,"TRUE"
"907",848,1122,277,0.753777777777778,0.802001429592566,1,1,0.0482236518147884,"TRUE"
"908",868,1255,285,0.752818733738075,0.814935064935065,1,1,0.0621163311969903,"TRUE"
"909",943,1081,297,0.760483870967742,0.784470246734398,1,1,0.0239863757666557,"TRUE"
"910",1060,1176,308,0.774853801169591,0.792452830188679,1,1,0.0175990290190886,"TRUE"
"911",992,936,290,0.773790951638066,0.763458401305057,0,0,-0.0103325503330085,"TRUE"
"912",945,987,285,0.768292682926829,0.775943396226415,1,1,0.00765071329958578,"TRUE"
"913",965,947,225,0.810924369747899,0.8080204778157,0,0,-0.00290389193219953,"TRUE"
"914",1018,915,283,0.782475019215988,0.763772954924875,0,0,-0.018702064291113,"TRUE"
"915",897,1070,293,0.753781512605042,0.78503301540719,1,1,0.0312515028021481,"TRUE"
"916",946,1012,271,0.777321281840592,0.788776305533905,1,1,0.0114550236933133,"TRUE"
"917",966,1098,286,0.771565495207668,0.793352601156069,1,1,0.0217871059484016,"TRUE"
"918",979,1014,280,0.777601270849881,0.783616692426584,1,1,0.00601542157670343,"TRUE"
"919",990,945,271,0.785091197462331,0.777138157894737,0,0,-0.00795303956759463,"TRUE"
"920",1066,1189,310,0.774709302325581,0.793195463642428,1,1,0.0184861613168469,"TRUE"
"921",909,997,279,0.765151515151515,0.781347962382445,1,1,0.0161964472309301,"TRUE"
"922",1112,926,274,0.802308802308802,0.771666666666667,0,0,-0.0306421356421357,"TRUE"
"923",987,1022,296,0.769290724863601,0.775417298937785,1,1,0.0061265740741836,"TRUE"
"924",1015,1043,285,0.780769230769231,0.78539156626506,1,1,0.00462233549582947,"TRUE"
"925",901,955,292,0.755238893545683,0.765838011226945,1,1,0.0105991176812614,"TRUE"
"926",1077,1055,291,0.787280701754386,0.783803863298663,0,0,-0.00347683845572322,"TRUE"
"927",887,768,245,0.78356890459364,0.758144126357354,0,0,-0.0254247782362852,"TRUE"
"928",970,1125,285,0.772908366533865,0.797872340425532,1,1,0.0249639738916674,"TRUE"
"929",897,1053,277,0.764054514480409,0.791729323308271,1,1,0.0276748088278619,"TRUE"
"930",1048,1094,314,0.769456681350954,0.776988636363636,1,1,0.00753195501268189,"TRUE"
"931",1005,870,257,0.79635499207607,0.771960958296362,0,0,-0.0243940337797077,"TRUE"
"932",1007,950,270,0.788566953797964,0.778688524590164,0,0,-0.00987842920780002,"TRUE"
"933",997,1020,282,0.779515246286161,0.783410138248848,1,1,0.00389489196268689,"TRUE"
"934",923,1098,296,0.757178014766202,0.787661406025825,1,1,0.0304833912596232,"TRUE"
"935",917,1184,300,0.753492193919474,0.797843665768194,1,1,0.04435147184872,"TRUE"
"936",966,978,278,0.776527331189711,0.778662420382166,1,1,0.00213508919245498,"TRUE"
"937",944,1130,296,0.761290322580645,0.792426367461431,1,1,0.0311360448807855,"TRUE"
"938",866,1135,295,0.745908699397071,0.793706293706294,1,1,0.0477975943092223,"TRUE"
"939",886,1051,279,0.760515021459227,0.790225563909774,1,1,0.0297105424505469,"TRUE"
"940",765,1058,281,0.731357552581262,0.790141896938013,1,1,0.0587843443567514,"TRUE"
"941",841,1037,284,0.747555555555556,0.785011355034065,1,1,0.0374557994785095,"TRUE"
"942",941,954,218,0.81190681622088,0.813993174061433,1,1,0.00208635784055333,"TRUE"
"943",947,1019,279,0.772430668841762,0.785053929121726,1,1,0.012623260279964,"TRUE"
"944",887,1010,282,0.758768177929855,0.781733746130031,1,1,0.0229655682001764,"TRUE"
"945",1019,1060,265,0.793613707165109,0.8,1,1,0.00638629283489101,"TRUE"
"946",946,1074,276,0.774140752864157,0.795555555555556,1,1,0.0214148026913985,"TRUE"
"947",826,1223,297,0.73552983081033,0.804605263157895,1,1,0.0690754323475652,"TRUE"
"948",972,1023,303,0.762352941176471,0.771493212669683,1,1,0.00914027149321273,"TRUE"
"949",950,1028,305,0.756972111553785,0.77119279819955,1,1,0.014220686645765,"TRUE"
"950",843,1176,287,0.746017699115044,0.803827751196172,1,1,0.057810052081128,"TRUE"
"951",930,1098,306,0.752427184466019,0.782051282051282,1,1,0.0296240975852626,"TRUE"
"952",1032,923,290,0.780635400907716,0.760923330585326,0,0,-0.0197120703223899,"TRUE"
"953",956,959,292,0.766025641025641,0.766586730615508,1,1,0.000561089589866559,"TRUE"
"954",824,1008,243,0.772258669165886,0.805755395683453,1,1,0.0334967265175675,"TRUE"
"955",1032,953,275,0.789594491201224,0.776058631921824,0,0,-0.0135358592794,"TRUE"
"956",1001,1089,304,0.767049808429119,0.781765972720747,1,1,0.0147161642916278,"TRUE"
"957",1054,1003,306,0.775,0.766233766233766,0,0,-0.00876623376623376,"TRUE"
"958",1062,1154,326,0.765129682997118,0.77972972972973,1,1,0.0146000467326116,"TRUE"
"959",1023,1017,315,0.76457399103139,0.763513513513513,0,0,-0.00106047751787663,"TRUE"
"960",994,901,264,0.790143084260731,0.773390557939914,0,0,-0.0167525263208171,"TRUE"
"961",1079,1112,300,0.782451051486584,0.787535410764873,1,1,0.0050843592782881,"TRUE"
"962",882,1014,270,0.765625,0.789719626168224,1,1,0.0240946261682243,"TRUE"
"963",832,1046,246,0.771799628942486,0.809597523219814,1,1,0.0377978942773282,"TRUE"
"964",839,983,261,0.762727272727273,0.790192926045016,1,1,0.0274656533177434,"TRUE"
"965",951,1008,303,0.758373205741627,0.768878718535469,1,1,0.0105055127938423,"TRUE"
"966",921,1036,276,0.769423558897243,0.789634146341463,1,1,0.0202105874442203,"TRUE"
"967",919,1255,279,0.767111853088481,0.818122555410691,1,1,0.0510107023222102,"TRUE"
"968",929,1022,281,0.767768595041322,0.784343821949348,1,1,0.0165752269080254,"TRUE"
"969",981,952,278,0.779189833200953,0.773983739837398,0,0,-0.00520609336355482,"TRUE"
"970",931,1016,311,0.749597423510467,0.765636774679729,1,1,0.0160393511692617,"TRUE"
"971",960,993,278,0.775444264943457,0.781274586939418,1,1,0.00583032199596056,"TRUE"
"972",1152,858,268,0.811267605633803,0.761989342806394,0,0,-0.0492782628274085,"TRUE"
"973",1119,967,300,0.788583509513742,0.763220205209155,0,0,-0.0253633043045867,"TRUE"
"974",1050,994,311,0.771491550330639,0.761685823754789,0,0,-0.00980572657584988,"TRUE"
"975",1114,1047,283,0.797423049391553,0.787218045112782,0,0,-0.0102050042787714,"TRUE"
"976",909,1059,263,0.775597269624573,0.801059001512859,1,1,0.0254617318882859,"TRUE"
"977",1004,1141,330,0.752623688155922,0.775662814411965,1,1,0.0230391262560425,"TRUE"
"978",972,1029,320,0.752321981424149,0.762787249814677,1,1,0.0104652683905289,"TRUE"
"979",957,1054,262,0.7850697292863,0.800911854103343,1,1,0.0158421248170432,"TRUE"
"980",1035,961,269,0.793711656441718,0.78130081300813,0,0,-0.0124108434335878,"TRUE"
"981",1020,1013,280,0.784615384615385,0.783449342614076,0,0,-0.00116604200130876,"TRUE"
"982",904,1148,286,0.759663865546218,0.800557880055788,1,1,0.0408940145095695,"TRUE"
"983",951,1120,305,0.757165605095541,0.785964912280702,1,1,0.0287993071851603,"TRUE"
"984",937,997,260,0.782790309106099,0.79315831344471,1,1,0.0103680043386111,"TRUE"
"985",881,1214,288,0.753635585970915,0.808255659121172,1,1,0.0546200731502565,"TRUE"
"986",1009,1140,296,0.773180076628353,0.793871866295265,1,1,0.0206917896669121,"TRUE"
"987",871,978,270,0.763365468886941,0.783653846153846,1,1,0.0202883772669049,"TRUE"
"988",916,1180,302,0.752052545155993,0.796221322537112,1,1,0.0441687773811186,"TRUE"
"989",806,1102,255,0.759660697455231,0.812085482682388,1,1,0.0524247852271568,"TRUE"
"990",898,1046,297,0.751464435146444,0.77885331347729,1,1,0.0273888783308461,"TRUE"
"991",1119,1092,277,0.801575931232092,0.797662527392257,0,0,-0.00391340383983463,"TRUE"
"992",988,1103,309,0.761757902852737,0.781161473087819,1,1,0.0194035702350817,"TRUE"
"993",920,1072,302,0.752864157119476,0.780203784570597,1,1,0.0273396274511205,"TRUE"
"994",1022,1074,304,0.770739064856712,0.779390420899855,1,1,0.00865135604314293,"TRUE"
"995",959,1142,294,0.76536312849162,0.795264623955432,1,1,0.0299014954638116,"TRUE"
"996",1059,1110,297,0.780973451327434,0.788912579957356,1,1,0.00793912862992241,"TRUE"
"997",1039,842,254,0.803557617942769,0.768248175182482,0,0,-0.035309442760287,"TRUE"
"998",1036,1103,314,0.767407407407407,0.778405081157375,1,1,0.0109976737499673,"TRUE"
"999",923,1035,292,0.759670781893004,0.779954785229842,1,1,0.0202840033368377,"TRUE"
"1000",1005,1265,316,0.760787282361847,0.800126502213789,1,1,0.0393392198519417,"TRUE"
