"","pvt_brood_temp","pvt_egg_temp","fixed_temp","shared_temp","prop_pvt_brood_temp","prop_pvt_egg_temp","diff_p_priv_EggBrood","Gtest_p"
"1",1926,3176,445,361,0.842151289899432,0.897936104042974,0.0557848141435427,"TRUE"
"2",1977,4052,347,442,0.817279867713931,0.901646639964397,0.0843667722504656,"TRUE"
"3",1717,4440,349,407,0.808380414312618,0.916030534351145,0.107650120038527,"TRUE"
"4",1859,4617,361,465,0.799913941480207,0.908500590318772,0.108586648838566,"TRUE"
"5",1792,4723,349,444,0.801431127012522,0.914070059996129,0.112638932983607,"TRUE"
"6",2252,4370,342,474,0.826118855465884,0.902146985962015,0.0760281304961308,"TRUE"
"7",2150,3353,425,376,0.851148060174188,0.89916867792974,0.0480206177555514,"TRUE"
"8",2002,4373,336,517,0.794759825327511,0.894274028629857,0.0995142033023459,"TRUE"
"9",1895,4123,382,410,0.822125813449024,0.909552172953894,0.0874263595048698,"TRUE"
"10",1734,4506,364,417,0.806136680613668,0.915295551492992,0.109158870879324,"TRUE"
"11",1906,4489,344,451,0.808655070004243,0.908704453441296,0.100049383437053,"TRUE"
"12",1800,3959,407,355,0.835266821345708,0.917709782104775,0.0824429607590675,"TRUE"
"13",1948,4283,336,415,0.824375793482861,0.91166453810132,0.087288744618459,"TRUE"
"14",2083,4224,325,476,0.813989839781165,0.898723404255319,0.0847335644741546,"TRUE"
"15",1906,4416,350,441,0.812100553898594,0.909203211859172,0.0971026579605784,"TRUE"
"16",1706,4588,341,430,0.798689138576779,0.914308489438023,0.115619350861244,"TRUE"
"17",2203,4486,331,519,0.809331373989713,0.896303696303696,0.0869723223139829,"TRUE"
"18",1835,4317,349,421,0.813386524822695,0.911143942591811,0.0977574177691158,"TRUE"
"19",2128,3898,355,458,0.822892498066512,0.89485766758494,0.0719651695184284,"TRUE"
"20",1747,4241,371,430,0.802480477721635,0.90794262470563,0.105462146983995,"TRUE"
"21",1911,4501,334,434,0.814925373134328,0.912056737588652,0.0971313644543241,"TRUE"
"22",1840,4433,370,423,0.813079982324348,0.912891268533773,0.0998112862094245,"TRUE"
"23",1832,4264,356,376,0.829710144927536,0.918965517241379,0.0892553723138431,"TRUE"
"24",1894,4556,343,447,0.809055958991884,0.910653607835299,0.101597648843415,"TRUE"
"25",1842,4231,338,435,0.808959156785244,0.90677239605658,0.0978132392713358,"TRUE"
"26",2130,4083,346,460,0.822393822393822,0.898745322474136,0.0763515000803137,"TRUE"
"27",1893,4097,364,454,0.806561567959097,0.900241705119754,0.0936801371606572,"TRUE"
"28",1971,4553,329,488,0.801545343635624,0.903193810751835,0.101648467116211,"TRUE"
"29",1949,4326,338,429,0.81959629941127,0.909779179810726,0.0901828803994555,"TRUE"
"30",1978,4398,341,449,0.814997939843428,0.907365380647823,0.0923674408043953,"TRUE"
"31",2107,3785,353,449,0.82433489827856,0.893953708077468,0.0696188097989079,"TRUE"
"32",1734,4204,394,380,0.820245979186377,0.917102966841187,0.0968569876548102,"TRUE"
"33",1897,4279,344,430,0.815212720240653,0.908685495858993,0.0934727756183402,"TRUE"
"34",1989,4195,356,410,0.829095456440183,0.910966340933768,0.0818708844935842,"TRUE"
"35",1854,4634,330,455,0.80294499783456,0.910591471801926,0.107646473967365,"TRUE"
"36",1782,3901,407,345,0.837799717912553,0.918747056052756,0.0809473381402026,"TRUE"
"37",2038,4488,328,484,0.808088818398097,0.902654867256637,0.0945660488585404,"TRUE"
"38",1903,3760,375,362,0.840176600441501,0.912178554099952,0.0720019536584504,"TRUE"
"39",1840,4334,359,409,0.818141396176078,0.913767657600675,0.0956262614245964,"TRUE"
"40",2040,4242,347,448,0.819935691318328,0.904477611940299,0.0845419206219705,"TRUE"
"41",1933,4162,351,429,0.818374259102456,0.906556305815726,0.0881820467132709,"TRUE"
"42",1898,4311,353,422,0.818103448275862,0.910838791464188,0.0927353431883255,"TRUE"
"43",2143,4153,334,450,0.826455842653297,0.902237671084076,0.0757818284307783,"TRUE"
"44",1922,4265,343,459,0.80722385552289,0.902836579170195,0.0956127236473052,"TRUE"
"45",1940,4025,340,450,0.811715481171548,0.899441340782123,0.0877258596105748,"TRUE"
"46",2002,4441,335,468,0.810526315789474,0.904664901201874,0.0941385854124005,"TRUE"
"47",1953,4442,335,484,0.801395157981124,0.901745838408445,0.100350680427321,"TRUE"
"48",2058,4702,317,493,0.806742453939632,0.905101058710298,0.0983586047706668,"TRUE"
"49",1968,4663,333,479,0.804250102165917,0.90684558537534,0.102595483209423,"TRUE"
"50",2039,4590,332,429,0.826175040518639,0.914524805738195,0.0883497652195563,"TRUE"
"51",1938,4062,373,431,0.818066694807936,0.904073002448253,0.086006307640317,"TRUE"
"52",1937,4492,317,481,0.801075268817204,0.90327769957772,0.102202430760515,"TRUE"
"53",1859,4275,389,394,0.825122059476254,0.915613621760548,0.0904915622842944,"TRUE"
"54",1792,4491,338,420,0.810126582278481,0.914477703115455,0.104351120836974,"TRUE"
"55",2008,3995,346,429,0.823963890028724,0.903028933092224,0.0790650430635004,"TRUE"
"56",1829,4375,368,439,0.806437389770723,0.908807644370586,0.102370254599863,"TRUE"
"57",1901,4537,341,445,0.810315430520034,0.910678442392613,0.100363011872579,"TRUE"
"58",1814,4474,373,431,0.808017817371938,0.912130479102956,0.104112661731019,"TRUE"
"59",2124,4276,331,503,0.808526836695851,0.894747855199833,0.0862210185039818,"TRUE"
"60",1702,4620,342,468,0.784331797235023,0.908018867924528,0.123687070689505,"TRUE"
"61",1879,4357,376,431,0.813419913419913,0.909983291562239,0.0965633781423255,"TRUE"
"62",2243,4477,320,475,0.825239146431199,0.90407915993538,0.0788400135041802,"TRUE"
"63",1968,4540,334,475,0.805566925910766,0.905284147557328,0.0997172216465625,"TRUE"
"64",1977,3815,383,393,0.834177215189873,0.906606463878327,0.0724292486884536,"TRUE"
"65",1930,4346,336,460,0.807531380753138,0.904286308780691,0.0967549280275527,"TRUE"
"66",1902,3866,360,406,0.824090121317158,0.904962546816479,0.0808724254993216,"TRUE"
"67",2007,4300,321,485,0.8053772070626,0.898641588296761,0.0932643812341604,"TRUE"
"68",2031,4361,350,474,0.810778443113772,0.901964839710445,0.0911863965966723,"TRUE"
"69",1794,4011,350,436,0.804484304932735,0.901956375084326,0.0974720701515911,"TRUE"
"70",1731,4581,354,392,0.815355628827131,0.921174341443797,0.105818712616665,"TRUE"
"71",1946,4560,358,465,0.807133969307341,0.907462686567164,0.100328717259823,"TRUE"
"72",2162,4038,322,468,0.822053231939163,0.896138482023968,0.0740852500848046,"TRUE"
"73",1999,4296,378,416,0.827743271221532,0.911714770797963,0.0839714995764306,"TRUE"
"74",1827,4392,349,426,0.810918774966711,0.911581569115816,0.100662794149105,"TRUE"
"75",1908,4288,366,417,0.820645161290323,0.911370882040383,0.0907257207500599,"TRUE"
"76",1941,4306,360,450,0.811794228356336,0.9053826745164,0.093588446160064,"TRUE"
"77",1929,4608,316,483,0.799751243781095,0.905126694166176,0.105375450385081,"TRUE"
"78",2008,4473,346,475,0.808699154248892,0.904001616814875,0.0953024625659822,"TRUE"
"79",1855,3943,360,407,0.820070733863837,0.906436781609195,0.0863660477453581,"TRUE"
"80",2139,4492,317,504,0.809307604994325,0.899119295436349,0.0898116904420244,"TRUE"
"81",1864,4465,332,481,0.794882729211087,0.902749696724626,0.107866967513539,"TRUE"
"82",1791,4263,370,422,0.809308630817894,0.909925293489861,0.100616662671967,"TRUE"
"83",1836,4384,368,405,0.819277108433735,0.915431196491961,0.0961540880582258,"TRUE"
"84",1979,4531,329,466,0.809406952965235,0.906744046427857,0.0973370934626215,"TRUE"
"85",2088,4592,325,519,0.800920598388953,0.898454314224222,0.0975337158352695,"TRUE"
"86",1935,4329,340,477,0.802238805970149,0.900749063670412,0.0985102577002627,"TRUE"
"87",1584,4754,371,427,0.787667826951765,0.917583478093032,0.129915651141267,"TRUE"
"88",1842,4633,372,398,0.822321428571429,0.920890479030014,0.0985690504585853,"TRUE"
"89",1842,4285,375,393,0.824161073825503,0.915989739204788,0.0918286653792849,"TRUE"
"90",1761,3962,389,387,0.819832402234637,0.911014026212922,0.0911816239782857,"TRUE"
"91",1583,4635,393,368,0.811378780112763,0.926444133519888,0.115065353407125,"TRUE"
"92",1952,4039,370,390,0.833475661827498,0.91194400541883,0.0784683435913326,"TRUE"
"93",1937,4334,338,477,0.802402651201326,0.90085221367699,0.0984495624756646,"TRUE"
"94",1685,4536,353,425,0.798578199052133,0.914331787945979,0.115753588893846,"TRUE"
"95",2073,4505,336,473,0.814218381775334,0.90498192044998,0.090763538674646,"TRUE"
"96",1867,4160,348,431,0.812445604873803,0.906120670877804,0.093675066004001,"TRUE"
"97",1883,4392,365,445,0.808848797250859,0.908000826958859,0.0991520297079996,"TRUE"
"98",1924,3498,408,375,0.836885602435842,0.903175832687839,0.0662902302519972,"TRUE"
"99",1944,4273,361,410,0.825828377230246,0.912449284646594,0.0866209074163476,"TRUE"
"100",1946,4715,324,469,0.805797101449275,0.909529320987654,0.103732219538379,"TRUE"
"101",1796,4253,344,443,0.802143814202769,0.905664395229983,0.103520581027214,"TRUE"
"102",1961,4292,364,429,0.820502092050209,0.909129421732684,0.0886273296824746,"TRUE"
"103",1526,4541,390,333,0.820871436256052,0.931678292983176,0.110806856727124,"TRUE"
"104",1718,4547,368,403,0.80999528524281,0.918585858585859,0.108590573343049,"TRUE"
"105",1765,4449,356,418,0.808520384791571,0.914115471543045,0.105595086751474,"TRUE"
"106",1976,4223,334,433,0.820257368202574,0.907001718213058,0.0867443500104847,"TRUE"
"107",1939,4472,357,398,0.829696191698759,0.918275154004107,0.0885789623053477,"TRUE"
"108",1637,4692,373,390,0.807597434632462,0.923258559622196,0.115661124989734,"TRUE"
"109",1995,4468,323,470,0.809330628803245,0.90481976508708,0.0954891362838344,"TRUE"
"110",1985,4381,365,463,0.810866013071895,0.904417836498761,0.093551823426866,"TRUE"
"111",1924,4289,348,448,0.811129848229342,0.905425374709732,0.0942955264803896,"TRUE"
"112",1724,4239,358,399,0.81205840791333,0.913971539456662,0.101913131543332,"TRUE"
"113",1857,4046,355,415,0.817341549295775,0.90697153104685,0.0896299817510758,"TRUE"
"114",1852,4442,353,458,0.801731601731602,0.906530612244898,0.104799010513296,"TRUE"
"115",1800,4345,337,451,0.799644602398934,0.905963302752294,0.10631870035336,"TRUE"
"116",1975,4173,359,404,0.830180748213535,0.911732575923094,0.0815518277095587,"TRUE"
"117",2033,4292,329,482,0.808349900596421,0.899036447423544,0.0906865468271227,"TRUE"
"118",1803,4637,356,411,0.814363143631436,0.918581616481775,0.104218472850339,"TRUE"
"119",1937,4392,332,481,0.801075268817204,0.90129283808742,0.100217569270216,"TRUE"
"120",2192,4126,369,445,0.831247629882442,0.902647123167797,0.0713994932853548,"TRUE"
"121",2198,4007,360,469,0.824146981627297,0.895218945487042,0.0710719638597453,"TRUE"
"122",1946,4215,390,394,0.831623931623932,0.914515079192883,0.0828911475689518,"TRUE"
"123",1687,4564,363,411,0.804099142040038,0.917386934673367,0.113287792633329,"TRUE"
"124",1996,4567,338,464,0.811382113821138,0.907771814748559,0.0963897009274207,"TRUE"
"125",1767,4780,337,442,0.799909461294704,0.915358100344696,0.115448639049992,"TRUE"
"126",1853,4191,375,402,0.821729490022173,0.912475506205095,0.0907460161829217,"TRUE"
"127",1836,4336,365,379,0.828893905191874,0.919618239660657,0.0907243344687839,"TRUE"
"128",1547,4690,402,353,0.814210526315789,0.930001982946659,0.115791456630869,"TRUE"
"129",2104,4109,357,443,0.826069886140558,0.90268014059754,0.076610254456982,"TRUE"
"130",1931,4316,349,423,0.820305862361937,0.910740662587044,0.0904348002251065,"TRUE"
"131",1856,4134,380,413,0.817981489643015,0.909170881900154,0.0911893922571394,"TRUE"
"132",1983,4120,358,419,0.8255620316403,0.907688918263935,0.0821268866236351,"TRUE"
"133",1882,4338,373,417,0.818616789908656,0.912302839116719,0.0936860492080633,"TRUE"
"134",1629,4639,357,366,0.816541353383459,0.926873126873127,0.110331773489668,"TRUE"
"135",1899,4363,350,468,0.802281368821293,0.903125646864003,0.100844278042711,"TRUE"
"136",1893,4403,369,457,0.805531914893617,0.9059670781893,0.100435163295683,"TRUE"
"137",1887,4663,335,436,0.812311665949204,0.914493037850559,0.102181371901355,"TRUE"
"138",1786,4552,339,426,0.807414104882459,0.914423463238248,0.107009358355789,"TRUE"
"139",2041,4387,344,487,0.807357594936709,0.900082068116537,0.0927244731798278,"TRUE"
"140",2123,4139,332,499,0.809687261632342,0.892410521776628,0.0827232601442861,"TRUE"
"141",1912,4329,357,463,0.805052631578947,0.903380634390651,0.0983280028117037,"TRUE"
"142",2040,4259,336,479,0.809845176657404,0.898902490502322,0.0890573138449179,"TRUE"
"143",1929,4323,337,474,0.802746566791511,0.901188242651657,0.0984416758601467,"TRUE"
"144",1856,4470,336,417,0.816542014958205,0.914671577655003,0.0981295626967981,"TRUE"
"145",1880,4256,362,438,0.811044003451251,0.906689390711547,0.0956453872602956,"TRUE"
"146",1863,4293,351,435,0.810704960835509,0.907994923857868,0.0972899630223589,"TRUE"
"147",2100,4368,343,440,0.826771653543307,0.908485856905158,0.081714203361851,"TRUE"
"148",1955,4331,361,413,0.825591216216216,0.912942664418212,0.0873514482019963,"TRUE"
"149",1610,4184,393,369,0.813542193026781,0.918954535471118,0.105412342444337,"TRUE"
"150",1971,4098,355,451,0.813790255986788,0.9008573312816,0.0870670752948126,"TRUE"
"151",1962,4415,372,410,0.827150084317032,0.915025906735751,0.0878758224187193,"TRUE"
"152",1722,4551,376,414,0.806179775280899,0.916616314199396,0.110436538918497,"TRUE"
"153",1812,4188,358,419,0.812191842223218,0.909051443455611,0.0968596012323928,"TRUE"
"154",1554,4399,376,372,0.806853582554517,0.92202892475372,0.115175342199203,"TRUE"
"155",1966,4234,370,446,0.815091210613599,0.904700854700855,0.089609644087256,"TRUE"
"156",1894,4176,371,449,0.808365343576611,0.902918918918919,0.0945535753423078,"TRUE"
"157",1806,4287,375,418,0.81205035971223,0.91115834218916,0.0991079824769303,"TRUE"
"158",1823,4225,382,375,0.829390354868062,0.918478260869565,0.0890879060015033,"TRUE"
"159",1756,4322,366,391,0.817885421518398,0.917037980055167,0.0991525585367689,"TRUE"
"160",1772,4091,376,375,0.825337680484397,0.91603224361845,0.0906945631340537,"TRUE"
"161",2013,4500,319,480,0.807460890493381,0.903614457831325,0.0961535673379439,"TRUE"
"162",1946,4220,346,432,0.818334735071489,0.90713671539123,0.0888019803197408,"TRUE"
"163",1881,4317,351,459,0.803846153846154,0.903894472361809,0.100048318515655,"TRUE"
"164",1868,4554,368,444,0.807958477508651,0.911164465786314,0.103205988277664,"TRUE"
"165",1846,3917,376,390,0.825581395348837,0.909449732992802,0.0838683376439652,"TRUE"
"166",1496,4754,410,309,0.828808864265928,0.938968990716966,0.110160126451038,"TRUE"
"167",2262,4153,329,542,0.806704707560628,0.884558040468584,0.0778533329079559,"TRUE"
"168",2189,4401,339,485,0.818623784592371,0.900736799017601,0.0821130144252303,"TRUE"
"169",1984,4608,345,450,0.815119145439606,0.911032028469751,0.0959128830301452,"TRUE"
"170",2164,4141,360,479,0.818766553159289,0.896320346320346,0.0775537931610576,"TRUE"
"171",1909,4106,372,418,0.820369574559519,0.907603890362511,0.0872343158029925,"TRUE"
"172",2128,4296,341,477,0.816890595009597,0.900062853551226,0.0831722585416287,"TRUE"
"173",1853,4478,346,440,0.808111644134322,0.910532736884913,0.102421092750591,"TRUE"
"174",1510,4095,429,295,0.836565096952909,0.932801822323462,0.0962367253705538,"TRUE"
"175",1711,4377,371,383,0.817096466093601,0.91953781512605,0.10244134903245,"TRUE"
"176",2093,3939,332,464,0.818537348455221,0.894617306382012,0.0760799579267913,"TRUE"
"177",2194,4166,324,495,0.815916697657122,0.893799613816778,0.0778829161596559,"TRUE"
"178",1931,4187,336,478,0.801577418015774,0.897534833869239,0.0959574158534648,"TRUE"
"179",1845,4114,336,434,0.809565598946906,0.90457343887423,0.095007839927324,"TRUE"
"180",1788,4364,356,406,0.814949863263446,0.914884696016771,0.0999348327533257,"TRUE"
"181",1742,4212,363,422,0.804990757855823,0.908933966335779,0.103943208479957,"TRUE"
"182",1798,4229,374,394,0.820255474452555,0.914773956305429,0.0945184818528746,"TRUE"
"183",1905,3760,380,414,0.821474773609314,0.900814566363201,0.0793397927538865,"TRUE"
"184",2007,4221,351,470,0.810254339927331,0.899808143253038,0.0895538033257063,"TRUE"
"185",1724,4187,373,385,0.817449027975344,0.915791776027997,0.0983427480526528,"TRUE"
"186",2102,4412,324,489,0.811269780007719,0.900224443991022,0.0889546639833032,"TRUE"
"187",2141,3798,357,445,0.827919566898685,0.895121376384634,0.0672018094859483,"TRUE"
"188",2144,4216,349,487,0.814899277841125,0.896449075058473,0.0815497972173482,"TRUE"
"189",1824,4518,349,392,0.823104693140794,0.920162932790224,0.0970582396494297,"TRUE"
"190",1340,4494,410,318,0.808202653799759,0.933915211970075,0.125712558170316,"TRUE"
"191",1903,4222,364,448,0.809442790301999,0.90406852248394,0.0946257321819409,"TRUE"
"192",2152,3899,353,450,0.827056110684089,0.896527937456887,0.0694718267727975,"TRUE"
"193",1659,4548,354,409,0.802224371373308,0.917490417591285,0.115266046217977,"TRUE"
"194",1916,3701,399,372,0.837412587412587,0.908666830346182,0.0712542429335948,"TRUE"
"195",1918,3905,375,403,0.826367944851357,0.906453110492108,0.0800851656407505,"TRUE"
"196",1803,4452,338,443,0.802760463045414,0.90949948927477,0.106739026229356,"TRUE"
"197",2039,4566,324,493,0.805292259083728,0.902549911049615,0.0972576519658863,"TRUE"
"198",2071,4656,327,494,0.807407407407407,0.904077669902913,0.0966702624955051,"TRUE"
"199",2157,4268,354,447,0.828341013824885,0.905196182396607,0.0768551685717218,"TRUE"
"200",1981,4183,372,440,0.818256918628666,0.90482370754921,0.0865667889205447,"TRUE"
"201",1853,4118,358,426,0.813075910487056,0.90625,0.0931740895129443,"TRUE"
"202",1901,4066,351,416,0.820457488131204,0.907184292726461,0.0867268045952573,"TRUE"
"203",1991,4476,345,454,0.814314928425358,0.907910750507099,0.0935958220817414,"TRUE"
"204",1671,3919,382,351,0.826409495548961,0.917798594847775,0.0913890992988138,"TRUE"
"205",1829,3916,386,402,0.81981174361273,0.906901343214451,0.0870895996017215,"TRUE"
"206",1784,4399,364,420,0.809437386569873,0.912844988586844,0.103407602016971,"TRUE"
"207",1833,4520,357,433,0.808914386584289,0.912578235412881,0.103663848828592,"TRUE"
"208",1954,4543,350,464,0.808105872622002,0.907329738366287,0.0992238657442855,"TRUE"
"209",2021,3771,367,389,0.838589211618257,0.906490384615385,0.0679011729971274,"TRUE"
"210",2131,4421,343,488,0.813669339442535,0.900590751680587,0.0869214122380514,"TRUE"
"211",1938,4202,352,440,0.814970563498738,0.90521327014218,0.0902427066434417,"TRUE"
"212",1880,4385,354,419,0.81774684645498,0.91278101582015,0.0950341693651695,"TRUE"
"213",1735,4445,368,359,0.828557784145177,0.925270607826811,0.0967128236816344,"TRUE"
"214",1981,4422,321,464,0.810224948875256,0.905034793286942,0.0948098444116866,"TRUE"
"215",1934,4656,338,461,0.807515657620042,0.909908149306234,0.102392491686192,"TRUE"
"216",1922,4707,352,419,0.821016659547202,0.918259851736247,0.0972431921890445,"TRUE"
"217",1949,4316,337,416,0.824101479915433,0.912087912087912,0.0879864321724787,"TRUE"
"218",1684,4601,355,374,0.818270165208941,0.924824120603015,0.106553955394074,"TRUE"
"219",1670,4492,352,406,0.804431599229287,0.917109024091466,0.112677424862179,"TRUE"
"220",1933,4258,375,430,0.818027930596699,0.908276450511945,0.0902485199152463,"TRUE"
"221",1877,3879,361,400,0.824330259112868,0.906520215003506,0.0821899558906377,"TRUE"
"222",1914,4307,352,433,0.815509160630592,0.908649789029536,0.0931406283989437,"TRUE"
"223",1815,4155,378,392,0.822383325781604,0.913789311634044,0.0914059858524404,"TRUE"
"224",1997,3411,409,354,0.849425776265419,0.90597609561753,0.056550319352111,"TRUE"
"225",1882,4441,338,425,0.815778066753359,0.912659268392931,0.0968812016395713,"TRUE"
"226",1795,4919,338,457,0.797069271758437,0.91499255952381,0.117923287765373,"TRUE"
"227",1828,4346,359,459,0.79930039352864,0.904474505723205,0.105174112194565,"TRUE"
"228",1871,4229,361,394,0.826048565121413,0.914773956305429,0.0887253911840166,"TRUE"
"229",2070,4417,348,481,0.811446491571933,0.901796651694569,0.0903501601226366,"TRUE"
"230",2142,4160,354,469,0.820375335120643,0.898682220782026,0.0783068856613829,"TRUE"
"231",1986,4031,372,452,0.814602132895816,0.899174659826009,0.0845725269301931,"TRUE"
"232",1839,3809,405,397,0.822450805008945,0.905611031859249,0.0831602268503042,"TRUE"
"233",2189,4042,344,476,0.821388367729831,0.894643647631695,0.0732552799018643,"TRUE"
"234",1967,4254,357,448,0.814492753623188,0.904721395151,0.0902286415278112,"TRUE"
"235",1833,4501,362,428,0.810703228659885,0.91316697098803,0.102463742328145,"TRUE"
"236",2126,4370,360,467,0.819899730042422,0.903452553235477,0.0835528231930547,"TRUE"
"237",1855,4392,367,423,0.814310798946444,0.91214953271028,0.0978387337638361,"TRUE"
"238",1737,3855,375,361,0.82793136320305,0.914373814041746,0.0864424508386953,"TRUE"
"239",1965,4411,354,445,0.815352697095436,0.9083607907743,0.0930080936788642,"TRUE"
"240",1860,4027,377,397,0.824102791315906,0.910262206148282,0.0861594148323761,"TRUE"
"241",2081,3801,357,436,0.826777910210568,0.897097002596177,0.0703190923856084,"TRUE"
"242",1919,4089,330,457,0.807659932659933,0.899472063352398,0.0918121306924651,"TRUE"
"243",1712,4667,370,358,0.827053140096618,0.928756218905473,0.101703078808854,"TRUE"
"244",2074,4475,346,456,0.819762845849802,0.907523828837964,0.0877609829881615,"TRUE"
"245",1882,4627,345,410,0.821116928446771,0.918602342664284,0.0974854142175129,"TRUE"
"246",1730,3704,388,391,0.815652993870816,0.904517704517705,0.0888647106468888,"TRUE"
"247",2105,4411,332,477,0.815259488768397,0.902414075286416,0.0871545865180191,"TRUE"
"248",1996,3906,367,433,0.821737340469329,0.900207421064761,0.0784700805954326,"TRUE"
"249",2044,4237,325,502,0.802827965435978,0.894070479004009,0.0912425135680313,"TRUE"
"250",1750,4289,355,416,0.807940904893813,0.911583421891605,0.103642516997791,"TRUE"
"251",1846,4301,357,430,0.811072056239016,0.909110124709364,0.098038068470348,"TRUE"
"252",1813,4145,380,389,0.823342415985468,0.914203793559771,0.0908613775743029,"TRUE"
"253",1702,4368,365,389,0.813964610234338,0.918225772545722,0.104261162311384,"TRUE"
"254",1899,4156,328,429,0.815721649484536,0.906434023991276,0.0907123745067399,"TRUE"
"255",2199,4098,338,489,0.818080357142857,0.893394375408764,0.0753140182659068,"TRUE"
"256",1909,4511,331,456,0.807188160676533,0.908194080934166,0.101005920257633,"TRUE"
"257",1859,4297,361,390,0.826589595375723,0.916791124386601,0.0902015290108787,"TRUE"
"258",1900,4342,345,449,0.808854831843338,0.906282613233146,0.0974277813898079,"TRUE"
"259",1891,4566,322,478,0.798227100042212,0.905233941316416,0.107006841274204,"TRUE"
"260",2230,3889,348,469,0.826231937754724,0.892381826525929,0.0661498887712054,"TRUE"
"261",1613,4594,344,405,0.799306243805748,0.918983796759352,0.119677552953604,"TRUE"
"262",2071,4184,346,419,0.831726907630522,0.908972409298284,0.0772455016677617,"TRUE"
"263",1891,4274,352,459,0.80468085106383,0.903021339530953,0.0983404884671231,"TRUE"
"264",1864,3810,375,384,0.829181494661922,0.908440629470672,0.0792591348087507,"TRUE"
"265",1866,4226,339,418,0.816987740805604,0.909991386735573,0.0930036459299686,"TRUE"
"266",1741,4453,361,400,0.81317141522653,0.917576756645374,0.104405341418844,"TRUE"
"267",1817,4632,311,492,0.786920744911217,0.903981264637002,0.117060519725785,"TRUE"
"268",2108,4257,338,460,0.820872274143302,0.90248039007844,0.0816081159351375,"TRUE"
"269",2030,4134,348,459,0.815588589795098,0.900065316786414,0.0844767269913157,"TRUE"
"270",1647,4502,370,387,0.809734513274336,0.92084270812027,0.111108194845934,"TRUE"
"271",2001,4146,376,392,0.836188884245717,0.913618334067871,0.0774294498221546,"TRUE"
"272",1809,4424,342,454,0.799381352187362,0.906929069290693,0.107547717103331,"TRUE"
"273",2008,4497,342,468,0.810985460420032,0.905740181268882,0.0947547208488499,"TRUE"
"274",1892,4482,357,419,0.818693206404154,0.91450724341971,0.0958140370155562,"TRUE"
"275",2076,4324,352,477,0.813160987074031,0.900645698812747,0.0874847117387169,"TRUE"
"276",2158,4535,320,528,0.803425167535369,0.895714003555204,0.092288836019836,"TRUE"
"277",2093,4219,337,447,0.824015748031496,0.904200600085727,0.0801848520542305,"TRUE"
"278",1881,3997,372,396,0.826086956521739,0.909856590029593,0.0837696335078534,"TRUE"
"279",1869,4286,355,429,0.81331592689295,0.909013785790032,0.0956978588970814,"TRUE"
"280",1966,4233,356,465,0.808720691073632,0.901021711366539,0.0923010202929068,"TRUE"
"281",1862,4399,353,419,0.816308636562911,0.913034454130345,0.0967258175674336,"TRUE"
"282",2099,4217,332,444,0.825403067243413,0.90474147178717,0.0793384045437568,"TRUE"
"283",1551,4579,366,439,0.779396984924623,0.912514946193703,0.133117961269079,"TRUE"
"284",1802,4179,346,411,0.814279258924537,0.910457516339869,0.0961782574153325,"TRUE"
"285",1761,4236,369,460,0.792886087348041,0.902044293015332,0.109158205667291,"TRUE"
"286",1819,4282,353,400,0.819738621000451,0.91456642460487,0.094827803604419,"TRUE"
"287",2022,4205,341,462,0.814009661835749,0.901007070923506,0.0869974090877568,"TRUE"
"288",2058,3901,366,414,0.83252427184466,0.904055619930475,0.071531348085815,"TRUE"
"289",1995,4572,338,486,0.804111245465538,0.903914590747331,0.0998033452817928,"TRUE"
"290",2094,4305,319,500,0.807247494217425,0.895941727367326,0.0886942331499009,"TRUE"
"291",2035,4683,341,472,0.811727163940965,0.908438409311348,0.0967112453703829,"TRUE"
"292",2057,4271,344,459,0.817567567567568,0.902959830866808,0.0853922632992401,"TRUE"
"293",2056,3823,378,404,0.835772357723577,0.904423941329548,0.0686515836059709,"TRUE"
"294",1829,4525,320,452,0.801841297676458,0.909182238296162,0.107340940619705,"TRUE"
"295",1809,4416,378,394,0.821152973218339,0.918087318087318,0.0969343448689796,"TRUE"
"296",2009,4241,320,472,0.80975413139863,0.8998514746446,0.0900973432459704,"TRUE"
"297",1872,4211,363,451,0.805854498493328,0.903260403260403,0.0974059047670757,"TRUE"
"298",2138,4600,306,509,0.807706837929732,0.900371892738305,0.0926650548085732,"TRUE"
"299",1783,4406,373,416,0.810823101409732,0.913728743260058,0.102905641850326,"TRUE"
"300",1661,4301,369,404,0.804358353510896,0.91413390010627,0.109775546595374,"TRUE"
"301",1979,4394,359,434,0.820140903439702,0.910107705053853,0.0899668016141509,"TRUE"
"302",1913,4133,347,444,0.811624946966483,0.902993227004588,0.0913682800381054,"TRUE"
"303",1997,4265,365,412,0.828974678289747,0.911909343596322,0.0829346653065757,"TRUE"
"304",1814,4667,350,439,0.805148690634709,0.914022718370544,0.108874027735835,"TRUE"
"305",1839,4341,367,406,0.819153674832962,0.914472298293659,0.0953186234606971,"TRUE"
"306",2033,3805,389,424,0.827431827431827,0.899739891227241,0.0723080637954131,"TRUE"
"307",1787,4217,377,387,0.821987120515179,0.915942658557776,0.0939555380425965,"TRUE"
"308",2088,4293,362,475,0.81467030823254,0.900377516778524,0.0857072085459836,"TRUE"
"309",1954,4276,360,447,0.813827571845065,0.905356764768156,0.0915291929230913,"TRUE"
"310",2010,4795,325,487,0.804965959150981,0.907800075728891,0.102834116577909,"TRUE"
"311",1884,4319,378,420,0.817708333333333,0.911373707533235,0.0936653741999015,"TRUE"
"312",1794,4451,346,427,0.807744259342638,0.912464124641246,0.104719865298608,"TRUE"
"313",2150,4584,321,483,0.816559058108621,0.904677323860272,0.0881182657516509,"TRUE"
"314",1829,4588,353,437,0.807149161518094,0.913034825870647,0.105885664352553,"TRUE"
"315",1787,4333,343,426,0.807501129688206,0.910485396091616,0.10298426640341,"TRUE"
"316",2073,4288,316,508,0.803177063153816,0.894078398665555,0.0909013355117383,"TRUE"
"317",2139,4315,319,511,0.807169811320755,0.89411520928305,0.0869453979622954,"TRUE"
"318",2045,4301,330,459,0.816693290734824,0.903571428571429,0.0868781378366043,"TRUE"
"319",2098,3874,358,447,0.824361493123772,0.896551724137931,0.072190231014159,"TRUE"
"320",1775,4356,371,406,0.813846859238881,0.914741705165897,0.100894845927015,"TRUE"
"321",1799,4110,364,399,0.818471337579618,0.911510312707917,0.0930389751282996,"TRUE"
"322",2109,4424,335,472,0.817125145292522,0.90359477124183,0.0864696259493078,"TRUE"
"323",1934,4094,319,484,0.799834574028122,0.894276976845784,0.0944424028176618,"TRUE"
"324",1959,3995,351,426,0.821383647798742,0.903641710020357,0.0822580622216152,"TRUE"
"325",1944,4229,382,413,0.824777259227832,0.911029728565274,0.0862524693374417,"TRUE"
"326",1859,4124,352,441,0.808260869565217,0.903395399780942,0.0951345302157246,"TRUE"
"327",1841,4491,325,442,0.806395094174332,0.910399351307521,0.104004257133189,"TRUE"
"328",2042,4000,348,460,0.816147082334133,0.896860986547085,0.0807139042129525,"TRUE"
"329",1896,4260,345,445,0.809910294745835,0.905419766206164,0.0955094714603285,"TRUE"
"330",1785,4848,329,437,0.803330333033303,0.917313150425733,0.11398281739243,"TRUE"
"331",1929,4674,349,475,0.802412645590682,0.907749077490775,0.105336431900093,"TRUE"
"332",1847,4447,357,436,0.809023215067893,0.910710628711857,0.101687413643964,"TRUE"
"333",1831,4047,368,434,0.808388520971302,0.903146619058246,0.0947580980869435,"TRUE"
"334",1874,4146,352,445,0.808106942647693,0.90307122631235,0.0949642836646573,"TRUE"
"335",2071,4635,338,495,0.807092751363991,0.903508771929825,0.096416020565834,"TRUE"
"336",2043,4293,357,440,0.822795006041079,0.907035706739911,0.0842407006988319,"TRUE"
"337",2202,4232,350,473,0.823177570093458,0.899468650371945,0.0762910802784869,"TRUE"
"338",1906,4534,350,456,0.806943268416596,0.908617234468938,0.101673966052342,"TRUE"
"339",1979,4392,357,419,0.825271059216013,0.912907919351486,0.0876368601354729,"TRUE"
"340",1923,4408,351,429,0.817602040816326,0.911308662394046,0.0937066215777194,"TRUE"
"341",1752,4454,345,414,0.808864265927978,0.914954806902219,0.106090540974241,"TRUE"
"342",1892,4591,366,404,0.82404181184669,0.919119119119119,0.0950773072724292,"TRUE"
"343",1910,3722,379,389,0.830795998260113,0.905375820968134,0.0745798227080212,"TRUE"
"344",1848,4454,346,479,0.794155565105286,0.902898844516521,0.108743279411236,"TRUE"
"345",1892,4652,325,449,0.808201623237933,0.911978043520878,0.103776420282946,"TRUE"
"346",1839,4420,368,429,0.810846560846561,0.911528150134048,0.100681589287487,"TRUE"
"347",1900,4503,352,452,0.807823129251701,0.908779011099899,0.100955881848198,"TRUE"
"348",2102,4203,332,456,0.821735731039875,0.902124919510625,0.0803891884707497,"TRUE"
"349",2088,4665,316,502,0.806177606177606,0.902844977743371,0.0966673715657652,"TRUE"
"350",2012,3601,372,437,0.821559820334831,0.891778107974245,0.0702182876394142,"TRUE"
"351",1872,4678,325,467,0.800342026507054,0.909232264334305,0.108890237827251,"TRUE"
"352",2019,4205,361,454,0.816417306914679,0.902554196179438,0.0861368892647592,"TRUE"
"353",1943,4098,351,451,0.811612364243943,0.9008573312816,0.0892449670376572,"TRUE"
"354",1780,4279,370,420,0.809090909090909,0.910619280698021,0.101528371607112,"TRUE"
"355",2038,4066,357,428,0.826439578264396,0.904761904761905,0.078322326497509,"TRUE"
"356",1969,4555,347,447,0.814983443708609,0.910635745701719,0.09565230199311,"TRUE"
"357",1866,4267,368,430,0.812717770034843,0.908452203534171,0.0957344334993275,"TRUE"
"358",1872,3367,442,311,0.857535501603298,0.915443175638934,0.057907674035636,"TRUE"
"359",1702,4539,347,435,0.796443612540945,0.91254523522316,0.116101622682215,"TRUE"
"360",1652,4467,356,381,0.812592228234137,0.921410891089109,0.108818662854972,"TRUE"
"361",1863,4554,354,445,0.807192374350087,0.910982196439288,0.103789822089201,"TRUE"
"362",2049,4479,328,443,0.82223113964687,0.909995936611134,0.0877647969642636,"TRUE"
"363",1780,4349,352,414,0.81130355515041,0.913079991601932,0.101776436451521,"TRUE"
"364",1938,4387,349,429,0.818757921419518,0.910921926910299,0.0921640054907806,"TRUE"
"365",2143,4327,334,493,0.812974203338392,0.897717842323651,0.0847436389852599,"TRUE"
"366",2018,4336,311,518,0.795741324921136,0.893283889575608,0.0975425646544721,"TRUE"
"367",1854,4546,343,445,0.806437581557199,0.910839511120016,0.104401929562817,"TRUE"
"368",1775,4236,353,406,0.813846859238881,0.912537699267557,0.0986908400286759,"TRUE"
"369",1900,4345,360,439,0.812312954253955,0.908235785953177,0.0959228316992226,"TRUE"
"370",1896,4320,364,457,0.805779855503612,0.904333263554532,0.0985534080509197,"TRUE"
"371",1865,4394,377,402,0.822673136303485,0.916180150125104,0.0935070138216194,"TRUE"
"372",1915,3899,391,406,0.825075398535114,0.905691056910569,0.0806156583754549,"TRUE"
"373",1930,4486,307,473,0.803162713275073,0.904617866505344,0.101455153230271,"TRUE"
"374",1690,4412,353,391,0.812109562710235,0.918592546325213,0.106482983614978,"TRUE"
"375",2075,4669,331,495,0.807392996108949,0.90414407436096,0.096751078252011,"TRUE"
"376",2006,4098,342,465,0.81181707810603,0.898093359631821,0.0862762815257911,"TRUE"
"377",1798,4096,390,371,0.828953434762563,0.91694649653011,0.0879930617675463,"TRUE"
"378",1761,4523,366,402,0.814147018030513,0.918375634517766,0.104228616487253,"TRUE"
"379",1594,4399,361,373,0.810371123538383,0.921835708298407,0.111464584760024,"TRUE"
"380",2150,4198,331,468,0.821237585943468,0.899699957136734,0.0784623711932655,"TRUE"
"381",2109,4395,324,467,0.818711180124224,0.903948992184286,0.0852378120600626,"TRUE"
"382",1913,4434,362,418,0.820677820677821,0.913849958779885,0.0931721381020639,"TRUE"
"383",1943,4297,344,392,0.832119914346895,0.916400085306035,0.0842801709591404,"TRUE"
"384",1674,4086,386,357,0.824224519940916,0.919648885887914,0.0954243659469978,"TRUE"
"385",1871,4135,348,439,0.80995670995671,0.904022737210319,0.0940660272536092,"TRUE"
"386",2008,4488,326,493,0.802878848460616,0.901023890784983,0.0981450423243672,"TRUE"
"387",1940,4718,347,449,0.812055253244035,0.913102380491581,0.101047127247546,"TRUE"
"388",1973,3972,362,442,0.816977225672878,0.899864068871772,0.0828868431988937,"TRUE"
"389",1915,4583,360,408,0.824365045200172,0.918252855139251,0.0938878099390785,"TRUE"
"390",2051,4420,338,444,0.822044088176353,0.908717105263158,0.0866730170868052,"TRUE"
"391",1900,3944,365,408,0.823223570190641,0.90625,0.0830264298093587,"TRUE"
"392",2039,4639,333,464,0.814622453056332,0.909073094258279,0.094450641201947,"TRUE"
"393",1995,4040,359,405,0.83125,0.90888638920135,0.0776363892013497,"TRUE"
"394",2204,4287,336,492,0.817507418397626,0.897049591964846,0.0795421735672202,"TRUE"
"395",1712,4169,359,380,0.818355640535373,0.916465157177402,0.0981095166420288,"TRUE"
"396",2060,4231,345,490,0.807843137254902,0.896208430417284,0.0883652931623825,"TRUE"
"397",1952,4454,348,446,0.814011676396997,0.908979591836735,0.0949679154397373,"TRUE"
"398",2035,4388,354,484,0.807860262008734,0.900656814449918,0.0927965524411842,"TRUE"
"399",1875,4052,384,393,0.826719576719577,0.911586051743532,0.0848664750239553,"TRUE"
"400",1985,4492,349,455,0.813524590163934,0.908025065696382,0.0945004755324472,"TRUE"
"401",1806,4527,350,404,0.817194570135747,0.918069357128372,0.100874786992625,"TRUE"
"402",1908,4634,331,468,0.803030303030303,0.908271266170129,0.105240963139826,"TRUE"
"403",1816,4530,337,456,0.799295774647887,0.908543922984356,0.109248148336469,"TRUE"
"404",1631,4429,379,380,0.811039283938339,0.920981493033895,0.109942209095556,"TRUE"
"405",1827,4597,375,401,0.820017953321364,0.919767907162865,0.0997499538415008,"TRUE"
"406",1872,4550,347,456,0.804123711340206,0.908909308829405,0.104785597489198,"TRUE"
"407",2206,4535,333,512,0.811626195732156,0.89855359619576,0.0869274004636038,"TRUE"
"408",1965,4446,373,437,0.818068276436303,0.910505836575875,0.0924375601395724,"TRUE"
"409",1890,4510,355,429,0.815006468305304,0.913140311804009,0.0981338434987049,"TRUE"
"410",2009,4022,360,447,0.81799674267101,0.899977623629447,0.0819808809584376,"TRUE"
"411",2085,4286,345,450,0.822485207100592,0.904983108108108,0.0824979010075164,"TRUE"
"412",1973,4406,341,460,0.810933004521167,0.905466502260584,0.0945334977394164,"TRUE"
"413",1777,4535,351,421,0.808462238398544,0.915052461662631,0.106590223264087,"TRUE"
"414",1804,4347,366,398,0.819255222524977,0.916122233930453,0.0968670114054758,"TRUE"
"415",1910,4370,350,473,0.801510700797314,0.902333264505472,0.100822563708157,"TRUE"
"416",1854,3842,360,431,0.811378555798687,0.899134097823543,0.087755542024856,"TRUE"
"417",1733,4399,353,421,0.804549675023213,0.912655601659751,0.108105926636538,"TRUE"
"418",1946,4541,336,481,0.801812937783272,0.904221425726802,0.102408487943531,"TRUE"
"419",1885,4277,374,406,0.822784810126582,0.913303437967115,0.0905186278405328,"TRUE"
"420",2057,4213,372,402,0.836518910126067,0.912892741061755,0.0763738309356876,"TRUE"
"421",1637,4212,368,354,0.822199899547966,0.922470433639947,0.100270534091982,"TRUE"
"422",1849,4560,328,453,0.803214596003475,0.909634949132256,0.106420353128781,"TRUE"
"423",1833,4421,357,444,0.805006587615283,0.908735868448099,0.103729280832815,"TRUE"
"424",1921,4296,352,449,0.810548523206751,0.905374077976818,0.0948255547700666,"TRUE"
"425",1816,4118,412,359,0.834942528735632,0.919812374357829,0.0848698456221967,"TRUE"
"426",1677,4477,341,462,0.784011220196353,0.906458797327394,0.122447577131041,"TRUE"
"427",1962,4049,350,422,0.822986577181208,0.90561395660926,0.0826273794280517,"TRUE"
"428",1929,4155,354,436,0.815644820295983,0.905031583532999,0.0893867632370163,"TRUE"
"429",1968,4138,350,449,0.814232519652462,0.902114671898845,0.0878821522463828,"TRUE"
"430",2000,3862,370,408,0.830564784053156,0.904449648711944,0.0738848646587876,"TRUE"
"431",2102,4190,339,455,0.822057098161909,0.902045209903122,0.0799881117412131,"TRUE"
"432",1782,4417,363,410,0.812956204379562,0.915061114563911,0.102104910184349,"TRUE"
"433",1924,4558,337,443,0.812843261512463,0.911417716456709,0.0985744549442457,"TRUE"
"434",1910,4707,351,433,0.815194195475886,0.915758754863813,0.100564559387928,"TRUE"
"435",1843,4134,375,423,0.813327449249779,0.90717577353522,0.0938483242854411,"TRUE"
"436",2227,4155,361,441,0.834707646176912,0.904046997389034,0.0693393512121224,"TRUE"
"437",1886,4319,367,381,0.831936479929422,0.918936170212766,0.0869996902833439,"TRUE"
"438",1923,4077,348,457,0.807983193277311,0.899205999117777,0.0912228058404658,"TRUE"
"439",1737,4256,365,397,0.813964386129335,0.914678701912744,0.10071431578341,"TRUE"
"440",1985,4315,317,465,0.810204081632653,0.902719665271967,0.0925155836393136,"TRUE"
"441",1868,4476,329,429,0.813234653896387,0.912538226299694,0.0993035724033076,"TRUE"
"442",1927,3963,370,430,0.817564700890963,0.902117004325063,0.0845523034340995,"TRUE"
"443",1610,4405,391,354,0.819755600814664,0.925614624921202,0.105859024106538,"TRUE"
"444",2161,4409,333,444,0.829558541266795,0.908510199876365,0.0789516586095705,"TRUE"
"445",1958,4232,369,417,0.824421052631579,0.910303291030329,0.0858822383987502,"TRUE"
"446",1794,4105,369,389,0.821804855703161,0.913440142412105,0.0916352867089443,"TRUE"
"447",1950,4165,342,463,0.808122668876917,0.899956784788245,0.0918341159113287,"TRUE"
"448",2003,4295,341,449,0.816884176182708,0.90535413153457,0.088469955351862,"TRUE"
"449",1773,4221,378,388,0.820453493752892,0.915816880017357,0.0953633862644652,"TRUE"
"450",1998,4500,338,457,0.813849287169043,0.907807141416179,0.0939578542471363,"TRUE"
"451",1689,4264,354,431,0.796698113207547,0.908200212992545,0.111502099784998,"TRUE"
"452",1489,4572,390,364,0.803561791689153,0.926256077795786,0.122694286106633,"TRUE"
"453",1983,4402,354,454,0.813705375461633,0.906507413509061,0.0928020380474278,"TRUE"
"454",2140,3910,350,448,0.826893353941267,0.897200550711335,0.070307196770068,"TRUE"
"455",1921,4350,350,478,0.800750312630263,0.9009942004971,0.100243887866838,"TRUE"
"456",1869,4210,368,413,0.819018404907976,0.9106640709496,0.0916456660416243,"TRUE"
"457",1697,4441,365,378,0.817831325301205,0.921560489728159,0.103729164426955,"TRUE"
"458",1895,4856,320,470,0.801268498942918,0.911753661284266,0.110485162341348,"TRUE"
"459",1825,4346,345,426,0.810750777432252,0.910729253981559,0.0999784765493068,"TRUE"
"460",1936,4339,341,468,0.805324459234609,0.902641980445184,0.0973175212105751,"TRUE"
"461",1723,4271,356,381,0.818916349809886,0.918099742046432,0.0991833922365457,"TRUE"
"462",1867,4075,374,402,0.822829440282063,0.910207728389547,0.0873782881074839,"TRUE"
"463",2042,4367,351,451,0.81909346169274,0.906392694063927,0.0872992323711873,"TRUE"
"464",1828,4690,374,411,0.816435908887896,0.919427563222897,0.102991654335001,"TRUE"
"465",1852,4154,354,410,0.818744473916888,0.910166520595968,0.0914220466790807,"TRUE"
"466",2016,4331,337,499,0.801590457256461,0.896687370600414,0.0950969133439528,"TRUE"
"467",1777,4468,339,402,0.815511702615879,0.917453798767967,0.101942096152088,"TRUE"
"468",1880,4517,358,450,0.8068669527897,0.909402053553453,0.102535100763753,"TRUE"
"469",1979,4192,348,429,0.821843853820598,0.907162951742047,0.0853190979214492,"TRUE"
"470",2010,4049,337,472,0.80983078162772,0.895598318955983,0.0857675373282636,"TRUE"
"471",1957,4150,353,464,0.808343659644775,0.899436497615951,0.0910928379711766,"TRUE"
"472",2095,4530,345,476,0.814858031894205,0.904914103076308,0.0900560711821039,"TRUE"
"473",1740,4595,362,387,0.818053596614951,0.922320353271778,0.104266756656828,"TRUE"
"474",1956,4507,326,441,0.816020025031289,0.910873080032336,0.0948530550010471,"TRUE"
"475",1980,4354,349,460,0.811475409836066,0.904445367677607,0.0929699578415414,"TRUE"
"476",1949,4572,354,436,0.817190775681342,0.912939297124601,0.095748521443259,"TRUE"
"477",1974,4325,353,407,0.829063418731625,0.913989856297549,0.0849264375659232,"TRUE"
"478",2057,4130,339,465,0.815622521808089,0.898803046789989,0.0831805249819003,"TRUE"
"479",1984,3437,379,394,0.834314550042052,0.897154789872096,0.0628402398300439,"TRUE"
"480",1899,4365,359,413,0.82136678200692,0.91356215989954,0.0921953778926192,"TRUE"
"481",1821,4345,342,413,0.815129811996419,0.913198823034889,0.0980690110384697,"TRUE"
"482",1880,4418,361,446,0.808254514187446,0.908305921052632,0.100051406865185,"TRUE"
"483",1925,4770,346,430,0.817409766454352,0.917307692307692,0.0998979258533398,"TRUE"
"484",2097,4230,328,499,0.807781201848998,0.894480862761683,0.0866996609126848,"TRUE"
"485",1622,4244,409,357,0.819605861546235,0.922408172136492,0.102802310590257,"TRUE"
"486",1898,4422,335,416,0.820224719101124,0.914014055394791,0.0937893362936676,"TRUE"
"487",2048,3969,381,439,0.823482106956172,0.90040834845735,0.0769262415011782,"TRUE"
"488",1766,4379,368,394,0.817592592592593,0.917452336056987,0.0998597434643946,"TRUE"
"489",1764,4473,377,383,0.821611551001397,0.921128500823723,0.099516949822326,"TRUE"
"490",1648,4665,359,395,0.806656877141459,0.921936758893281,0.115279881751822,"TRUE"
"491",1940,4188,390,415,0.823779193205945,0.909841407777536,0.0860622145715916,"TRUE"
"492",1766,4506,339,407,0.812701334560515,0.9171585589253,0.104457224364785,"TRUE"
"493",1871,4068,347,447,0.807161345987921,0.900996677740864,0.0938353317529431,"TRUE"
"494",1953,4456,335,443,0.815108514190317,0.909573382322923,0.0944648681326059,"TRUE"
"495",2121,4294,337,452,0.824329576369996,0.904761904761905,0.0804323283919086,"TRUE"
"496",1872,4853,360,453,0.805161290322581,0.914624952883528,0.109463662560947,"TRUE"
"497",1539,3336,475,306,0.834146341463415,0.915980230642504,0.0818338891790895,"TRUE"
"498",1825,4219,375,405,0.818385650224215,0.912413494809689,0.0940278445854733,"TRUE"
"499",1830,4121,368,405,0.818791946308725,0.910517012814848,0.0917250665061227,"TRUE"
"500",1906,4509,373,431,0.815575524176294,0.912753036437247,0.0971775122609525,"TRUE"
"501",1779,4425,379,396,0.817931034482759,0.917859365276913,0.0999283307941549,"TRUE"
"502",2022,4523,353,460,0.814665592264303,0.907686132851696,0.0930205405873927,"TRUE"
"503",1882,4549,364,443,0.809462365591398,0.911258012820513,0.101795647229115,"TRUE"
"504",1756,4487,340,425,0.805135259055479,0.913477198697068,0.108341939641589,"TRUE"
"505",2130,4458,352,484,0.814843152257077,0.902063941723998,0.0872207894669211,"TRUE"
"506",1902,3930,346,390,0.829842931937173,0.909722222222222,0.0798792902850495,"TRUE"
"507",1832,4521,335,448,0.803508771929825,0.909841014288589,0.106332242358765,"TRUE"
"508",1767,4651,364,408,0.812413793103448,0.919351650523819,0.106937857420371,"TRUE"
"509",1950,4509,340,482,0.801809210526316,0.903426167100781,0.101616956574466,"TRUE"
"510",1754,4191,392,375,0.823860967590418,0.917871222076216,0.0940102544857975,"TRUE"
"511",1847,4345,349,427,0.812225153913808,0.910519698239732,0.0982945443259235,"TRUE"
"512",2014,4021,346,410,0.830858085808581,0.907470097043557,0.0766120112349759,"TRUE"
"513",2011,3493,357,396,0.835479850436228,0.898174337876061,0.0626944874398331,"TRUE"
"514",2025,4284,348,444,0.820170109356015,0.906091370558376,0.0859212612023611,"TRUE"
"515",2019,4452,331,502,0.800872669575565,0.898667743237788,0.0977950736622224,"TRUE"
"516",2001,4525,321,490,0.803291850662385,0.902293120638086,0.0990012699757011,"TRUE"
"517",1865,4385,358,380,0.830734966592428,0.920251836306401,0.0895168697139732,"TRUE"
"518",2051,4057,346,470,0.813566045220151,0.89617848464767,0.0826124394275188,"TRUE"
"519",2166,4298,328,491,0.815205118554761,0.897473376487784,0.0822682579330235,"TRUE"
"520",2019,4165,348,475,0.809542902967121,0.897629310344828,0.0880864073777066,"TRUE"
"521",1827,4617,344,408,0.81744966442953,0.918805970149254,0.101356305719724,"TRUE"
"522",1843,4483,372,420,0.814405656208573,0.914338160310014,0.0999325041014416,"TRUE"
"523",2028,3804,376,431,0.824725498169988,0.898229043683589,0.0735035455136014,"TRUE"
"524",1875,4402,367,414,0.81913499344692,0.914036544850498,0.0949015514035783,"TRUE"
"525",1730,4411,352,432,0.800185013876041,0.910799091472228,0.110614077596187,"TRUE"
"526",2090,4057,328,475,0.814814814814815,0.895189761694616,0.0803749468798013,"TRUE"
"527",1882,4358,361,441,0.810159276797245,0.908105855386539,0.0979465785892939,"TRUE"
"528",1809,3994,379,368,0.830960036747818,0.915635029802843,0.0846749930550246,"TRUE"
"529",1849,4255,361,438,0.808482728465238,0.906669507777541,0.0981867793123028,"TRUE"
"530",2111,4473,329,499,0.808812260536398,0.899637972646822,0.0908257121104238,"TRUE"
"531",2062,4005,351,444,0.822825219473264,0.900202292650034,0.0773770731767696,"TRUE"
"532",2003,4668,329,488,0.804094741067844,0.905352986811482,0.101258245743638,"TRUE"
"533",1854,3806,381,368,0.834383438343834,0.911835170100623,0.0774517317567884,"TRUE"
"534",1936,4184,362,412,0.824531516183986,0.91035683202785,0.085825315843864,"TRUE"
"535",2183,3770,363,457,0.826893939393939,0.891885497989118,0.0649915585951781,"TRUE"
"536",1813,4532,353,412,0.814831460674157,0.916666666666667,0.101835205992509,"TRUE"
"537",1725,4537,379,417,0.805322128851541,0.915825595478401,0.110503466626861,"TRUE"
"538",1808,4158,337,434,0.806422836752899,0.905487804878049,0.0990649681251496,"TRUE"
"539",2040,4225,352,480,0.80952380952381,0.89798087141339,0.0884570618895805,"TRUE"
"540",1676,4107,369,345,0.829292429490351,0.922506738544474,0.0932143090541231,"TRUE"
"541",1918,4452,346,427,0.817910447761194,0.912482065997131,0.0945716182359365,"TRUE"
"542",2035,4409,359,409,0.832651391162029,0.9151100041511,0.0824586129890705,"TRUE"
"543",1818,4500,336,442,0.804424778761062,0.910562525293404,0.106137746532342,"TRUE"
"544",1798,4528,344,465,0.794520547945205,0.90686961746445,0.112349069519245,"TRUE"
"545",1936,4659,346,466,0.805995004163197,0.909073170731707,0.10307816656851,"TRUE"
"546",2046,3896,357,387,0.840937114673243,0.909642773756713,0.0687056590834696,"TRUE"
"547",1589,4698,351,407,0.796092184368738,0.920274240940255,0.124182056571517,"TRUE"
"548",2121,4124,390,406,0.839335180055402,0.91037527593819,0.0710400958827883,"TRUE"
"549",1954,4500,341,429,0.819974821653378,0.912964090079124,0.0929892684257455,"TRUE"
"550",1993,4380,327,491,0.802334943639291,0.899199343050708,0.0968643994114168,"TRUE"
"551",2129,4035,369,454,0.824235385210995,0.898863889507685,0.0746285042966905,"TRUE"
"552",2036,4196,337,451,0.818657016485726,0.902948138584033,0.0842911220983069,"TRUE"
"553",2040,4343,361,428,0.826580226904376,0.91029134353385,0.0837111166294743,"TRUE"
"554",2038,4348,337,454,0.817817014446228,0.90545605997501,0.0876390455287825,"TRUE"
"555",2096,4261,338,453,0.82228324833268,0.903903266864658,0.081620018531979,"TRUE"
"556",1893,4683,350,441,0.811053984575835,0.913934426229508,0.102880441653673,"TRUE"
"557",1851,4277,339,457,0.801993067590988,0.903464300802704,0.101471233211716,"TRUE"
"558",1761,4329,375,379,0.822897196261682,0.919498725573492,0.0966015293118097,"TRUE"
"559",1738,4559,355,436,0.799448022079117,0.912712712712713,0.113264690633596,"TRUE"
"560",1936,4114,354,410,0.825234441602728,0.909372236958444,0.0841377953557157,"TRUE"
"561",1727,4410,392,382,0.818871503082029,0.920283806343906,0.101412303261877,"TRUE"
"562",2103,4245,329,493,0.810092449922958,0.895947657239341,0.0858552073163831,"TRUE"
"563",1858,4261,357,419,0.815985946420729,0.910470085470085,0.0944841390493564,"TRUE"
"564",2032,4038,347,434,0.824006488240065,0.902951699463327,0.0789452112232625,"TRUE"
"565",2138,4358,327,512,0.806792452830189,0.894866529774127,0.0880740769439387,"TRUE"
"566",1902,4472,378,400,0.826238053866203,0.917898193760263,0.0916601398940594,"TRUE"
"567",1700,4379,388,355,0.827250608272506,0.925010561892691,0.0977599536201851,"TRUE"
"568",1999,4230,353,459,0.813262815296989,0.9021113243762,0.0888485090792102,"TRUE"
"569",1784,3866,394,368,0.828996282527881,0.913084553613604,0.0840882710857231,"TRUE"
"570",1581,4064,375,390,0.802130898021309,0.912438257745846,0.110307359724537,"TRUE"
"571",2125,4144,382,415,0.836614173228346,0.908971265628427,0.0723570924000809,"TRUE"
"572",1869,4517,367,429,0.81331592689295,0.913263243024666,0.099947316131716,"TRUE"
"573",1804,3950,400,364,0.83210332103321,0.915623551228558,0.0835202301953478,"TRUE"
"574",2109,3541,372,434,0.829335430593787,0.890817610062893,0.0614821794691062,"TRUE"
"575",2041,4011,377,411,0.832381729200653,0.907055630936228,0.0746739017355754,"TRUE"
"576",2150,4222,343,449,0.827241246633321,0.903874973239135,0.0766337266058146,"TRUE"
"577",2042,4083,357,426,0.827390599675851,0.905522288755822,0.0781316890799707,"TRUE"
"578",1802,3069,453,343,0.84009324009324,0.89947245017585,0.0593792100826099,"TRUE"
"579",1850,4557,358,422,0.814260563380282,0.915244024904599,0.100983461524318,"TRUE"
"580",1945,4343,349,450,0.812108559498956,0.9061130815773,0.0940045220783441,"TRUE"
"581",1880,4149,361,452,0.806174957118353,0.901760486850685,0.0955855297323314,"TRUE"
"582",1903,4519,339,494,0.793909052982895,0.901456213844006,0.10754716086111,"TRUE"
"583",1958,4315,336,479,0.803446860894542,0.900083437630371,0.0966365767358289,"TRUE"
"584",2001,4547,333,506,0.798165137614679,0.899861468434593,0.101696330819914,"TRUE"
"585",1872,4270,349,432,0.8125,0.908124202467035,0.0956242024670353,"TRUE"
"586",1697,4540,369,408,0.806175771971496,0.917542441390461,0.111366669418964,"TRUE"
"587",1944,4140,353,435,0.817150063051702,0.904918032786885,0.0877679697351829,"TRUE"
"588",1703,4070,387,370,0.821514712976363,0.916666666666667,0.0951519536903038,"TRUE"
"589",2200,4188,337,503,0.813910469848317,0.892773395864421,0.0788629260161046,"TRUE"
"590",2021,4103,353,431,0.824225122349103,0.904940449933833,0.0807153275847305,"TRUE"
"591",2004,4181,354,456,0.814634146341463,0.90166055639422,0.087026410052757,"TRUE"
"592",1950,4109,357,437,0.816925010473398,0.90387153541575,0.0869465249423526,"TRUE"
"593",2045,3800,361,429,0.826596604688763,0.898557578623788,0.071960973935025,"TRUE"
"594",1944,4285,366,461,0.808316008316008,0.902865571007164,0.0945495626911556,"TRUE"
"595",1977,3899,380,413,0.827196652719665,0.904220779220779,0.077024126501114,"TRUE"
"596",1783,4272,357,418,0.810086324398001,0.910874200426439,0.100787876028438,"TRUE"
"597",2029,4055,352,468,0.81257509010813,0.896528852531506,0.0839537624233758,"TRUE"
"598",1811,3829,377,409,0.815765765765766,0.903492213308164,0.0877264475423984,"TRUE"
"599",1786,4177,359,423,0.808510638297872,0.90804347826087,0.0995328399629973,"TRUE"
"600",1712,4061,350,389,0.814850071394574,0.912584269662921,0.0977341982683474,"TRUE"
"601",2102,4336,347,452,0.823022709475333,0.905597326649958,0.0825746171746253,"TRUE"
"602",1951,4580,340,457,0.810215946843854,0.90927139170141,0.0990554448575558,"TRUE"
"603",1804,4544,358,410,0.814814814814815,0.917238595074687,0.102423780259872,"TRUE"
"604",2021,4339,355,441,0.820877335499594,0.907740585774059,0.0868632502744647,"TRUE"
"605",1732,4452,328,411,0.808212785814279,0.915484268969772,0.107271483155493,"TRUE"
"606",1962,4482,321,475,0.805088223225277,0.904175912850514,0.0990876896252375,"TRUE"
"607",1871,4453,365,426,0.814540705267741,0.912687026029924,0.0981463207621835,"TRUE"
"608",2014,4422,330,491,0.803992015968064,0.900061062487279,0.0960690465192148,"TRUE"
"609",2001,3493,376,414,0.828571428571429,0.894036345021756,0.0654649164503271,"TRUE"
"610",1980,4373,336,433,0.820555325321177,0.909904286308781,0.0893489609876038,"TRUE"
"611",2087,4411,326,511,0.803310238645112,0.896180414465664,0.0928701758205527,"TRUE"
"612",1932,4235,353,444,0.813131313131313,0.905107929044668,0.0919766159133545,"TRUE"
"613",1983,4237,352,446,0.816385343762865,0.904761904761905,0.0883765609990393,"TRUE"
"614",1712,4573,343,451,0.791493296347665,0.910230891719745,0.11873759537208,"TRUE"
"615",2138,4822,324,514,0.806184012066365,0.903673163418291,0.0974891513519258,"TRUE"
"616",1947,4418,348,423,0.821518987341772,0.912621359223301,0.0911023718815288,"TRUE"
"617",1960,4099,365,418,0.824222035323802,0.907460704007084,0.0832386686832828,"TRUE"
"618",1870,4626,333,461,0.802230802230802,0.909376842932966,0.107146040702164,"TRUE"
"619",2086,4356,346,445,0.824180165942315,0.907310976879817,0.0831308109375014,"TRUE"
"620",1967,4729,318,508,0.794747474747475,0.902997899560817,0.108250424813342,"TRUE"
"621",2163,4280,343,467,0.822433460076046,0.901622077101327,0.0791886170252815,"TRUE"
"622",1973,4376,348,454,0.812937783271529,0.90600414078675,0.0930663575152209,"TRUE"
"623",1664,4532,338,425,0.796553374820488,0.91426265886625,0.117709284045762,"TRUE"
"624",1722,4494,355,387,0.816500711237553,0.920712968653964,0.104212257416411,"TRUE"
"625",1942,4055,384,407,0.826734780757769,0.908785298072613,0.0820505173148439,"TRUE"
"626",1961,4022,344,429,0.820502092050209,0.903617164682094,0.0831150726318848,"TRUE"
"627",1988,4033,350,399,0.832844574780059,0.909972924187726,0.077128349407667,"TRUE"
"628",2019,4499,337,492,0.804062126642772,0.901422560609096,0.0973604339663247,"TRUE"
"629",1936,4458,343,448,0.812080536912752,0.908683245006115,0.0966027080933632,"TRUE"
"630",1964,3926,358,427,0.821413634462568,0.901906730990122,0.0804930965275538,"TRUE"
"631",1918,4565,342,428,0.817561807331628,0.914279991988784,0.096718184657156,"TRUE"
"632",1890,4196,340,447,0.808729139922978,0.903726039198794,0.0949968992758158,"TRUE"
"633",1831,4554,343,437,0.807319223985891,0.912442396313364,0.105123172327473,"TRUE"
"634",2057,3765,354,431,0.826768488745981,0.897283126787417,0.0705146380414359,"TRUE"
"635",1643,4259,386,370,0.816194734227521,0.920069129401599,0.103874395174077,"TRUE"
"636",1914,4142,348,445,0.811360746078847,0.902986701547853,0.0916259554690056,"TRUE"
"637",2200,4340,337,511,0.811508668388049,0.894660894660895,0.083152226272846,"TRUE"
"638",1884,4343,349,426,0.815584415584416,0.910673097085343,0.0950886815009272,"TRUE"
"639",1662,4190,364,390,0.809941520467836,0.914847161572052,0.104905641104216,"TRUE"
"640",1968,4543,319,488,0.801302931596091,0.903001391373484,0.101698459777393,"TRUE"
"641",1846,3908,383,366,0.834538878842676,0.914365933551708,0.0798270547090317,"TRUE"
"642",1964,4379,348,425,0.822101297614064,0.911532056619484,0.0894307590054193,"TRUE"
"643",1734,4718,344,420,0.805013927576602,0.918256130790191,0.113242203213589,"TRUE"
"644",1954,4259,367,431,0.819287211740042,0.908102345415778,0.0888151336757363,"TRUE"
"645",1818,3859,357,414,0.814516129032258,0.903112567282939,0.0885964382506813,"TRUE"
"646",2042,3960,364,450,0.819422150882825,0.897959183673469,0.0785370327906444,"TRUE"
"647",2018,4087,341,455,0.816012939749292,0.899823866138265,0.0838109263889727,"TRUE"
"648",2137,4432,314,492,0.812856599467478,0.900081234768481,0.0872246353010028,"TRUE"
"649",2142,4359,345,505,0.809217982621836,0.896175986842105,0.0869580042202692,"TRUE"
"650",1937,4604,337,443,0.813865546218487,0.912225084208441,0.0983595379899532,"TRUE"
"651",1896,4182,342,428,0.815834767641997,0.907158351409978,0.0913235837679818,"TRUE"
"652",1583,4519,376,380,0.806418746816098,0.922433149622372,0.116014402806274,"TRUE"
"653",2010,4399,338,466,0.811793214862682,0.904213771839671,0.0924205569769894,"TRUE"
"654",2175,4414,351,492,0.815523059617548,0.899714635140644,0.0841915755230963,"TRUE"
"655",1794,3859,405,373,0.827872634979234,0.911862003780718,0.0839893688014844,"TRUE"
"656",1857,3751,376,386,0.827909050378957,0.906695673193135,0.0787866228141784,"TRUE"
"657",2003,4176,323,459,0.813566206336312,0.900970873786408,0.0874046674500958,"TRUE"
"658",1757,4240,363,383,0.821028037383178,0.917153363616699,0.0961253262335215,"TRUE"
"659",1840,4183,360,391,0.824742268041237,0.914516834280717,0.08977456623948,"TRUE"
"660",1816,4018,377,398,0.820234869015357,0.909873188405797,0.0896383193904403,"TRUE"
"661",1934,3957,355,406,0.826495726495726,0.906944762777905,0.0804490362821787,"TRUE"
"662",2003,4036,363,443,0.818887980376124,0.901093994195133,0.0822060138190085,"TRUE"
"663",2152,4516,349,469,0.821060663868752,0.905917753259779,0.0848570893910269,"TRUE"
"664",1746,4589,353,390,0.817415730337079,0.921671018276762,0.104255287939684,"TRUE"
"665",2060,4354,317,499,0.805001953888238,0.897177003915104,0.0921750500268664,"TRUE"
"666",2188,4450,340,464,0.825037707390649,0.905575905575906,0.0805381981852571,"TRUE"
"667",2058,4471,373,459,0.817640047675805,0.906896551724138,0.0892565040483334,"TRUE"
"668",1915,4419,360,431,0.816283034953112,0.911134020618557,0.094850985665445,"TRUE"
"669",1933,4622,353,431,0.817681895093063,0.914704136156739,0.097022241063676,"TRUE"
"670",1587,4202,396,359,0.81551901336074,0.921289190966893,0.105770177606153,"TRUE"
"671",2044,4405,338,493,0.805675995270004,0.899346672111066,0.0936706768410619,"TRUE"
"672",2184,4148,328,477,0.820744081172492,0.896864864864865,0.0761207836923733,"TRUE"
"673",1723,3448,418,342,0.834382566585956,0.90976253298153,0.0753799663955739,"TRUE"
"674",1995,4434,339,457,0.813621533442088,0.90656307503578,0.0929415415936919,"TRUE"
"675",1965,4701,325,491,0.800081433224756,0.905431432973806,0.10534999974905,"TRUE"
"676",1936,4166,350,408,0.825938566552901,0.910800174901618,0.0848616083487168,"TRUE"
"677",2243,4306,321,511,0.814451706608569,0.893917375960141,0.0794656693515718,"TRUE"
"678",2000,4012,361,450,0.816326530612245,0.899148363962349,0.0828218333501038,"TRUE"
"679",1902,4112,346,437,0.81316802052159,0.903934930754012,0.0907669102324214,"TRUE"
"680",1806,4335,346,443,0.803023566029346,0.907283382168271,0.104259816138925,"TRUE"
"681",1912,4484,357,446,0.810856658184902,0.909533468559838,0.0986768103749353,"TRUE"
"682",1967,3853,353,448,0.814492753623188,0.8958381771681,0.081345423544912,"TRUE"
"683",1984,4548,337,473,0.807488807488807,0.905795658235411,0.0983068507466038,"TRUE"
"684",2100,4525,347,472,0.816485225505443,0.905543325995597,0.0890581004901542,"TRUE"
"685",1993,4018,340,453,0.814799672935405,0.898680384701409,0.0838807117660043,"TRUE"
"686",1679,4159,349,441,0.791981132075472,0.904130434782609,0.112149302707137,"TRUE"
"687",1800,4235,376,388,0.822669104204753,0.916071814838849,0.093402710634096,"TRUE"
"688",1676,4393,361,404,0.805769230769231,0.915780696268501,0.11001146549927,"TRUE"
"689",2077,4180,363,436,0.82650218861918,0.905545927209705,0.0790437385905252,"TRUE"
"690",1886,4116,345,434,0.812931034482759,0.904615384615385,0.091684350132626,"TRUE"
"691",1851,4467,352,445,0.806184668989547,0.909405537459283,0.103220868469736,"TRUE"
"692",2058,4496,344,447,0.821556886227545,0.909569087598624,0.0880122013710795,"TRUE"
"693",1725,4600,342,415,0.80607476635514,0.917248255234297,0.111173488879157,"TRUE"
"694",2095,4238,336,493,0.809505409582689,0.895793701120271,0.0862882915375812,"TRUE"
"695",1743,4242,375,404,0.811830461108524,0.91304347826087,0.101213017152346,"TRUE"
"696",1604,4297,364,375,0.810510358767054,0.919734589041096,0.109224230274042,"TRUE"
"697",2048,4187,333,479,0.810447170557974,0.897342477496785,0.0868953069388114,"TRUE"
"698",2013,4470,324,475,0.809083601286174,0.903943377148635,0.0948597758624613,"TRUE"
"699",1985,4550,338,497,0.799758259468171,0.901525658807212,0.101767399339041,"TRUE"
"700",2030,4286,338,463,0.814279983955074,0.902505790692777,0.0882258067377033,"TRUE"
"701",1906,4038,364,394,0.828695652173913,0.911101083032491,0.0824054308585779,"TRUE"
"702",1778,4515,339,453,0.796952039444195,0.908816425120773,0.111864385676578,"TRUE"
"703",2098,4188,356,449,0.823714173537495,0.903170153116239,0.0794559795787438,"TRUE"
"704",1773,4181,354,415,0.810329067641682,0.90970409051349,0.0993750228718081,"TRUE"
"705",2066,4151,338,429,0.828056112224449,0.906331877729258,0.0782757655048087,"TRUE"
"706",1937,4720,328,465,0.806411323896753,0.910318225650916,0.103906901754163,"TRUE"
"707",1883,4064,373,398,0.8255151249452,0.910802330793366,0.0852872058481667,"TRUE"
"708",1913,3989,373,391,0.830295138888889,0.910730593607306,0.0804354547184171,"TRUE"
"709",1837,4332,341,421,0.813551815766165,0.911424363559857,0.0978725477936921,"TRUE"
"710",1884,4273,353,446,0.808583690987124,0.905488450942996,0.0969047599558719,"TRUE"
"711",1623,4380,383,357,0.81969696969697,0.924635845471818,0.104938875774848,"TRUE"
"712",1955,3688,396,390,0.833688699360341,0.904364884747425,0.070676185387084,"TRUE"
"713",1942,4420,363,400,0.829205807002562,0.91701244813278,0.0878066411302181,"TRUE"
"714",2128,4717,323,494,0.811594202898551,0.90520053732489,0.0936063344263389,"TRUE"
"715",1718,4133,382,367,0.823980815347722,0.918444444444444,0.0944636290967226,"TRUE"
"716",1949,4175,354,443,0.814799331103679,0.904071026418363,0.0892716953146839,"TRUE"
"717",1692,4519,377,385,0.814636494944632,0.921492659053834,0.106856164109202,"TRUE"
"718",1787,4219,399,368,0.8292343387471,0.919773272291258,0.0905389335441582,"TRUE"
"719",2033,4564,339,426,0.826758845058967,0.914629258517034,0.087870413458067,"TRUE"
"720",1739,4221,360,391,0.816431924882629,0.915221162185603,0.0987892373029737,"TRUE"
"721",2175,2859,443,357,0.859004739336493,0.888992537313433,0.02998779797694,"TRUE"
"722",1980,4152,357,429,0.821917808219178,0.906352324819908,0.0844345166007303,"TRUE"
"723",1850,4409,349,416,0.816416593115622,0.913782383419689,0.0973657903040669,"TRUE"
"724",1868,4104,362,402,0.822907488986784,0.910785619174434,0.08787813018765,"TRUE"
"725",1723,4212,365,414,0.806270472625175,0.910505836575875,0.1042353639507,"TRUE"
"726",1705,4349,396,407,0.807291666666667,0.914423885618167,0.1071322189515,"TRUE"
"727",1894,4664,336,461,0.804246284501062,0.910048780487805,0.105802495986743,"TRUE"
"728",1631,4514,370,393,0.805830039525692,0.91991033217852,0.114080292652829,"TRUE"
"729",1959,4384,350,443,0.815570358034971,0.908224570126372,0.0926542120914016,"TRUE"
"730",1925,4760,336,456,0.808483830323394,0.912576687116564,0.104092856793171,"TRUE"
"731",1581,3852,397,357,0.815789473684211,0.915181753385602,0.0993922797013918,"TRUE"
"732",2040,4651,311,517,0.797809933515839,0.899961300309598,0.102151366793759,"TRUE"
"733",1760,4592,361,431,0.803286170698311,0.914194704359944,0.110908533661633,"TRUE"
"734",1961,4408,320,487,0.801062091503268,0.900510725229826,0.0994486337265583,"TRUE"
"735",2028,4670,330,461,0.81478505423865,0.910153966088482,0.0953689118498317,"TRUE"
"736",2106,3839,384,400,0.840383080606544,0.905638122198632,0.0652550415920874,"TRUE"
"737",1817,4594,357,439,0.80540780141844,0.912775680508643,0.107367879090203,"TRUE"
"738",1775,4579,344,421,0.808287795992714,0.9158,0.107512204007286,"TRUE"
"739",1848,3805,374,392,0.825,0.906599952346914,0.0815999523469145,"TRUE"
"740",1982,4414,348,443,0.817319587628866,0.908791435042207,0.0914718474133411,"TRUE"
"741",2018,4263,337,474,0.809791332263242,0.899936668777707,0.090145336514465,"TRUE"
"742",1965,3938,366,434,0.819091288036682,0.900731930466606,0.0816406424299237,"TRUE"
"743",2169,4332,324,519,0.806919642857143,0.893011750154607,0.0860921072974644,"TRUE"
"744",1976,4172,366,453,0.813503499382462,0.902054054054054,0.0885505546715921,"TRUE"
"745",1752,4724,339,415,0.808491001384402,0.919244989297529,0.110753987913126,"TRUE"
"746",2130,4525,347,481,0.815779394867867,0.903915301638034,0.0881359067701676,"TRUE"
"747",1960,4312,372,390,0.834042553191489,0.917056571671629,0.0830140184801398,"TRUE"
"748",1869,4334,333,470,0.799059427105601,0.902164862614488,0.103105435508887,"TRUE"
"749",2053,4068,356,437,0.824497991967871,0.90299667036626,0.0784986783983883,"TRUE"
"750",2210,4257,379,417,0.841263799010278,0.910783055198973,0.0695192561886951,"TRUE"
"751",1885,4109,335,432,0.813552006905481,0.904866769434045,0.0913147625285641,"TRUE"
"752",1787,4268,329,468,0.792461197339246,0.901182432432432,0.108721235093186,"TRUE"
"753",1920,4375,340,436,0.814940577249576,0.909374350446893,0.0944337731973169,"TRUE"
"754",1801,4510,340,429,0.80762331838565,0.913140311804009,0.105516993418359,"TRUE"
"755",1980,4186,390,403,0.83088543852287,0.912181303116147,0.081295864593277,"TRUE"
"756",2084,4404,349,425,0.830609804703069,0.911990060053841,0.0813802553507724,"TRUE"
"757",1953,4786,328,477,0.803703703703704,0.909367281018431,0.105663577314727,"TRUE"
"758",2061,4398,360,430,0.827378562826174,0.910936205468103,0.0835576426419284,"TRUE"
"759",1911,4185,349,446,0.810776410691557,0.903692507017923,0.0929160963263657,"TRUE"
"760",2054,4527,351,462,0.81637519872814,0.907396271797955,0.0910210730698156,"TRUE"
"761",1675,4524,349,394,0.809569840502658,0.919886132574217,0.110316292071559,"TRUE"
"762",1869,4658,346,429,0.81331592689295,0.915667387458227,0.102351460565276,"TRUE"
"763",2065,4378,339,460,0.817821782178218,0.904919388176933,0.0870976059987149,"TRUE"
"764",1924,4109,370,424,0.819420783645656,0.906463710566953,0.0870429269212976,"TRUE"
"765",1682,4363,371,379,0.816108685104318,0.920075917334458,0.10396723223014,"TRUE"
"766",1911,4263,348,459,0.806329113924051,0.90279542566709,0.0964663117430397,"TRUE"
"767",1921,4495,350,419,0.820940170940171,0.914733414733415,0.0937932437932438,"TRUE"
"768",1993,4386,356,408,0.830070803831737,0.914893617021277,0.0848228131895398,"TRUE"
"769",1740,4200,388,416,0.807050092764378,0.909878682842288,0.102828590077909,"TRUE"
"770",1863,4250,352,431,0.812118570183086,0.907925656910916,0.0958070867278301,"TRUE"
"771",2273,4297,318,508,0.817331895001798,0.894276795005203,0.076944900003405,"TRUE"
"772",2058,4315,305,527,0.796131528046422,0.891160677406031,0.0950291493596089,"TRUE"
"773",1812,4485,346,435,0.806408544726302,0.911585365853659,0.105176821127357,"TRUE"
"774",2005,4218,362,461,0.813057583130576,0.901474674075657,0.0884170909450813,"TRUE"
"775",1705,4050,365,396,0.81151832460733,0.910931174089069,0.099412849481739,"TRUE"
"776",1940,4491,329,462,0.807660283097419,0.906723198061781,0.0990629149643619,"TRUE"
"777",1829,4375,326,449,0.802897278314311,0.906923714759536,0.104026436445225,"TRUE"
"778",2110,4099,341,509,0.805651011836579,0.889539930555556,0.0838889187189767,"TRUE"
"779",1884,4201,339,427,0.815231501514496,0.907735522904062,0.0925040213895664,"TRUE"
"780",1744,4273,372,396,0.814953271028037,0.915185264510602,0.100231993482565,"TRUE"
"781",1831,4471,351,389,0.824774774774775,0.919958847736626,0.0951840729618507,"TRUE"
"782",1850,4609,376,417,0.816056462284958,0.917031436530044,0.100974974245086,"TRUE"
"783",1995,4152,380,388,0.837180025178347,0.914537444933921,0.0773574197555741,"TRUE"
"784",1975,4227,338,436,0.819162173372045,0.906497962684967,0.087335789312922,"TRUE"
"785",2111,4327,345,455,0.822681215900234,0.904851526557926,0.0821703106576918,"TRUE"
"786",1990,4105,338,488,0.803066989507668,0.893751360766384,0.0906843712587161,"TRUE"
"787",2013,4419,341,439,0.820962479608483,0.909633594071634,0.0886711144631516,"TRUE"
"788",1606,4463,386,382,0.80784708249497,0.921155830753354,0.113308748258384,"TRUE"
"789",1828,4253,389,394,0.822682268226823,0.915214116634388,0.0925318484075651,"TRUE"
"790",2050,4353,312,503,0.802976889933412,0.896416803953871,0.0934399140204598,"TRUE"
"791",1849,4283,339,441,0.807423580786026,0.906646909398815,0.0992233286127884,"TRUE"
"792",2037,4442,350,452,0.818400964242668,0.907642010625255,0.0892410463825877,"TRUE"
"793",2049,4277,324,482,0.809561438166733,0.898718218113049,0.0891567799463164,"TRUE"
"794",1796,4105,395,407,0.815251929187472,0.90979609929078,0.0945441701033085,"TRUE"
"795",1776,4163,369,411,0.812071330589849,0.910144293834718,0.0980729632448688,"TRUE"
"796",2024,4199,349,500,0.801901743264659,0.893594381783358,0.0916926385186989,"TRUE"
"797",1795,4585,340,441,0.802772808586762,0.912256267409471,0.109483458822709,"TRUE"
"798",1780,4264,368,420,0.809090909090909,0.910333048676345,0.101242139585436,"TRUE"
"799",1870,4850,327,456,0.803955288048151,0.914059555220505,0.110104267172354,"TRUE"
"800",2138,4213,337,465,0.821359969266231,0.900598546387345,0.0792385771211138,"TRUE"
"801",1922,4133,357,410,0.824185248713551,0.909751265683469,0.0855660169699185,"TRUE"
"802",1817,4064,363,430,0.808633733867379,0.904316866933689,0.0956831330663107,"TRUE"
"803",1917,4482,362,439,0.813667232597623,0.910790489737858,0.0971232571402351,"TRUE"
"804",1969,3991,369,420,0.824194223524487,0.90478349580594,0.0805892722814524,"TRUE"
"805",1830,4446,350,410,0.816964285714286,0.915568369028007,0.0986040833137208,"TRUE"
"806",2034,4211,325,462,0.814903846153846,0.901134175048149,0.0862303288943028,"TRUE"
"807",1865,4108,358,384,0.829257447754558,0.914514692787177,0.0852572450326197,"TRUE"
"808",1815,4476,355,413,0.814631956912029,0.91552464716711,0.100892690255081,"TRUE"
"809",2028,4280,342,466,0.813151563753007,0.90181205225453,0.0886604885015229,"TRUE"
"810",2038,3988,339,449,0.8194611982308,0.898805499211179,0.0793443009803785,"TRUE"
"811",1992,4192,343,461,0.812066856909906,0.900924134966688,0.0888572780567819,"TRUE"
"812",2059,3892,349,460,0.81738785232235,0.894301470588235,0.0769136182658852,"TRUE"
"813",2014,4321,335,458,0.814724919093851,0.904164051056706,0.0894391319628552,"TRUE"
"814",2020,4501,349,470,0.811244979919679,0.905451619392476,0.0942066394727976,"TRUE"
"815",1706,4137,384,367,0.822961890979257,0.918516873889876,0.0955549829106186,"TRUE"
"816",2131,3943,352,416,0.836670592854338,0.904565267263134,0.0678946744087954,"TRUE"
"817",1739,4198,384,417,0.806586270871985,0.909642470205851,0.103056199333865,"TRUE"
"818",2016,4347,327,455,0.815864022662889,0.905247813411079,0.0893837907481893,"TRUE"
"819",1778,4413,374,407,0.813729977116705,0.915560165975104,0.101830188858399,"TRUE"
"820",1935,4587,336,486,0.799256505576208,0.904198698994678,0.10494219341847,"TRUE"
"821",1837,4535,354,428,0.811037527593819,0.913761837598227,0.102724310004408,"TRUE"
"822",2123,4396,322,498,0.809996184662343,0.898242746219861,0.0882465615575184,"TRUE"
"823",2099,4043,327,463,0.81928181108509,0.897248113626276,0.0779663025411863,"TRUE"
"824",1833,4410,378,428,0.810703228659885,0.911533691608102,0.100830462948218,"TRUE"
"825",1905,4245,361,432,0.815147625160462,0.907633098139833,0.092485472979371,"TRUE"
"826",1647,4407,375,404,0.803022915650902,0.916025774267304,0.113002858616402,"TRUE"
"827",2151,4058,354,427,0.834367726920093,0.90479375696767,0.070426030047577,"TRUE"
"828",2054,3816,357,432,0.826226870474658,0.898305084745763,0.0720782142711047,"TRUE"
"829",1967,4559,336,473,0.806147540983607,0.906001589825119,0.0998540488415127,"TRUE"
"830",1768,4148,367,363,0.829657437822618,0.919530037685657,0.0898725998630389,"TRUE"
"831",1953,4195,339,453,0.811720698254364,0.902538726333907,0.090818028079543,"TRUE"
"832",2226,4158,352,480,0.822616407982262,0.896507115135834,0.0738907071535727,"TRUE"
"833",1911,4223,354,402,0.826199740596628,0.913081081081081,0.0868813404844534,"TRUE"
"834",1974,4096,366,433,0.820108018280017,0.904393905939501,0.0842858876594843,"TRUE"
"835",1887,4100,381,420,0.817945383615085,0.907079646017699,0.0891342624026146,"TRUE"
"836",1742,4619,336,433,0.800919540229885,0.914291369754553,0.113371829524668,"TRUE"
"837",1837,4403,361,434,0.808894760017613,0.91027496382055,0.101380203802937,"TRUE"
"838",1792,3998,382,373,0.827713625866051,0.914664836421871,0.0869512105558207,"TRUE"
"839",1928,4207,358,452,0.810084033613445,0.902983472848251,0.0928994392348053,"TRUE"
"840",1930,4478,362,444,0.812973883740522,0.909792767167818,0.0968188834272956,"TRUE"
"841",1846,4154,364,400,0.821905609973286,0.912165129556434,0.090259519583148,"TRUE"
"842",2040,4336,326,486,0.807600950118765,0.899211945250933,0.0916109951321683,"TRUE"
"843",1833,4328,378,380,0.82828739267962,0.91928632115548,0.0909989284758597,"TRUE"
"844",2110,3851,362,452,0.823575331772053,0.894957006739484,0.071381674967431,"TRUE"
"845",2010,4175,357,445,0.818737270875764,0.903679653679654,0.0849423828038899,"TRUE"
"846",1697,4333,409,383,0.815865384615385,0.918787107718405,0.102921723103021,"TRUE"
"847",1965,4589,334,464,0.808974886784685,0.908173362358995,0.0991984755743096,"TRUE"
"848",1802,4452,373,417,0.81207751239297,0.914356130622304,0.102278618229335,"TRUE"
"849",2134,4039,354,449,0.826171118854046,0.899955436720143,0.0737843178660968,"TRUE"
"850",1864,4303,321,479,0.795561246265472,0.899832705980761,0.10427145971529,"TRUE"
"851",2169,4138,329,478,0.81941820929354,0.896447140381282,0.0770289310877427,"TRUE"
"852",1649,3975,366,399,0.80517578125,0.90877914951989,0.10360336826989,"TRUE"
"853",2432,3887,323,527,0.821899290300777,0.88060715903942,0.0587078687386428,"TRUE"
"854",2121,4548,348,434,0.83013698630137,0.912886391007627,0.0827494047062576,"TRUE"
"855",1722,4517,363,385,0.817275747508306,0.921460628314973,0.104184880806668,"TRUE"
"856",2160,4179,325,490,0.815094339622642,0.895052473763118,0.0799581341404769,"TRUE"
"857",2052,4458,318,474,0.812351543942993,0.903892944038929,0.0915414000959365,"TRUE"
"858",1787,4151,356,429,0.806407942238267,0.906331877729258,0.0999239354909904,"TRUE"
"859",1833,3898,404,363,0.834699453551913,0.914808730344989,0.0801092767930769,"TRUE"
"860",1986,4196,358,439,0.818969072164948,0.905285868392665,0.0863167962277162,"TRUE"
"861",1941,4369,347,454,0.810438413361169,0.905867717188472,0.0954293038273029,"TRUE"
"862",2207,3792,351,442,0.833144582861457,0.895606991025035,0.0624624081635782,"TRUE"
"863",1570,4605,361,356,0.815160955347871,0.928240274138279,0.113079318790407,"TRUE"
"864",1889,4221,351,428,0.815278377211912,0.907937190793719,0.0926588135818071,"TRUE"
"865",2156,3978,348,459,0.824474187380497,0.896551724137931,0.0720775367574339,"TRUE"
"866",2006,4375,320,491,0.803364036844213,0.899095766543362,0.095731729699149,"TRUE"
"867",1945,4461,357,416,0.823803473104617,0.914701660857084,0.0908981877524676,"TRUE"
"868",1776,4525,356,399,0.816551724137931,0.918968318440292,0.102416594302361,"TRUE"
"869",1979,4313,347,463,0.81040131040131,0.903056951423786,0.0926556410224753,"TRUE"
"870",1887,4469,368,413,0.820434782608696,0.915403523146252,0.0949687405375559,"TRUE"
"871",1874,4278,358,457,0.803946803946804,0.903484688489968,0.0995378845431644,"TRUE"
"872",1875,4550,338,427,0.814509122502172,0.914205344585091,0.0996962220829194,"TRUE"
"873",1703,4533,360,416,0.803680981595092,0.91594261466963,0.112261633074538,"TRUE"
"874",1956,4193,368,412,0.826013513513513,0.910532030401737,0.0845185168882238,"TRUE"
"875",1696,4228,376,374,0.819323671497585,0.918730986527597,0.0994073150300121,"TRUE"
"876",1936,4285,336,460,0.808013355592654,0.903055848261328,0.0950424926686733,"TRUE"
"877",1822,4444,373,396,0.821460775473399,0.918181818181818,0.0967210427084187,"TRUE"
"878",1734,4297,370,411,0.808391608391608,0.912701784197111,0.104310175805503,"TRUE"
"879",2081,4540,325,477,0.813526192337764,0.904923260912896,0.0913970685751322,"TRUE"
"880",1897,4338,368,422,0.818025010780509,0.911344537815126,0.0933195270346172,"TRUE"
"881",1617,4482,375,353,0.820812182741117,0.92699069286453,0.106178510123413,"TRUE"
"882",2010,4455,344,465,0.812121212121212,0.905487804878049,0.0933665927568367,"TRUE"
"883",1877,4502,359,420,0.817152808010448,0.914668833807395,0.097516025796947,"TRUE"
"884",2006,4514,342,505,0.798884906411788,0.899382347081092,0.100497440669304,"TRUE"
"885",2015,4384,330,482,0.806968362034441,0.900945334977394,0.0939769729429528,"TRUE"
"886",1945,4413,338,456,0.810079133694294,0.906346272335182,0.0962671386408877,"TRUE"
"887",1922,4457,361,408,0.824892703862661,0.916135662898253,0.091242959035592,"TRUE"
"888",2238,4378,324,511,0.814114223353947,0.895479648189814,0.081365424835867,"TRUE"
"889",1973,4129,343,432,0.82037422037422,0.905283928962947,0.0849097085887264,"TRUE"
"890",1932,4080,359,382,0.834917891097666,0.914388166741372,0.0794702756437052,"TRUE"
"891",1916,4246,325,469,0.80335429769392,0.900530222693531,0.097175924999611,"TRUE"
"892",1702,4053,402,363,0.824213075060533,0.917798913043478,0.0935858379829456,"TRUE"
"893",1928,4325,364,411,0.824283882000855,0.913217905405405,0.0889340234045503,"TRUE"
"894",1897,4397,337,410,0.822280017338535,0.914707717911379,0.0924277005728444,"TRUE"
"895",1684,4129,395,381,0.815496368038741,0.915521064301552,0.100024696262811,"TRUE"
"896",1909,4562,342,428,0.816859221223791,0.914228456913828,0.0973692356900365,"TRUE"
"897",1955,4361,349,445,0.814583333333333,0.907407407407407,0.0928240740740741,"TRUE"
"898",1999,3922,353,428,0.823650597445406,0.901609195402299,0.0779585979568931,"TRUE"
"899",1940,4493,361,439,0.815468684321143,0.910989456609895,0.0955207722887512,"TRUE"
"900",1978,4400,328,479,0.805046805046805,0.901824144291863,0.096777339245058,"TRUE"
"901",1920,4501,330,456,0.808080808080808,0.908008876336494,0.0999280682556858,"TRUE"
"902",1923,4592,332,467,0.804602510460251,0.907689266653489,0.103086756193238,"TRUE"
"903",2061,3875,371,430,0.827378562826174,0.900116144018583,0.0727375811924088,"TRUE"
"904",1729,4561,353,413,0.80718954248366,0.91696823482107,0.109778692337409,"TRUE"
"905",1806,4087,368,393,0.821282401091405,0.912276785714286,0.0909943846228806,"TRUE"
"906",1916,4497,377,418,0.820908311910883,0.914954221770092,0.0940459098592089,"TRUE"
"907",2097,4616,325,499,0.807781201848998,0.902443792766373,0.0946625909173749,"TRUE"
"908",2297,4006,352,488,0.824775583482944,0.891410769915443,0.0666351864324984,"TRUE"
"909",1985,4313,338,479,0.805600649350649,0.900041736227045,0.0944410868763957,"TRUE"
"910",1793,3803,400,368,0.829708468301712,0.911771757372333,0.0820632890706205,"TRUE"
"911",2061,4498,346,442,0.823411905713144,0.910526315789474,0.0871144100763295,"TRUE"
"912",1960,4426,338,463,0.808914568716467,0.905297606872571,0.0963830381561039,"TRUE"
"913",1990,4413,344,475,0.807302231237322,0.902823240589198,0.0955210093518756,"TRUE"
"914",1752,4471,384,393,0.816783216783217,0.919202302631579,0.102419085848362,"TRUE"
"915",2085,4401,351,470,0.816046966731898,0.903510572777664,0.0874636060457655,"TRUE"
"916",1735,4498,355,410,0.808857808857809,0.916462917685412,0.107605108827603,"TRUE"
"917",1997,4165,356,421,0.825889164598842,0.908198866114261,0.0823097015154188,"TRUE"
"918",2047,4523,328,472,0.812624057165542,0.905505505505505,0.0928814483399636,"TRUE"
"919",1734,4310,391,378,0.821022727272727,0.919368600682594,0.0983458734098666,"TRUE"
"920",2040,4278,338,468,0.813397129186603,0.901390644753477,0.0879935155668737,"TRUE"
"921",2034,4288,341,475,0.810681546432842,0.900272937224438,0.0895913907915966,"TRUE"
"922",1873,4111,360,410,0.820411738939991,0.909312099093121,0.0889003601531297,"TRUE"
"923",1982,4783,327,490,0.801779935275081,0.907073772046273,0.105293836771193,"TRUE"
"924",2104,3998,326,463,0.819633813790417,0.896211611746245,0.0765777979558284,"TRUE"
"925",1921,4383,343,439,0.813983050847458,0.908958938199917,0.0949758873524594,"TRUE"
"926",1918,3905,381,386,0.832465277777778,0.910044278722908,0.0775790009451306,"TRUE"
"927",2194,4350,325,501,0.814100185528757,0.896722325293754,0.0826221397649969,"TRUE"
"928",1861,4044,370,403,0.821996466431095,0.909377108162806,0.087380641731711,"TRUE"
"929",1593,4202,379,387,0.804545454545455,0.915667901503596,0.111122446958141,"TRUE"
"930",1933,4401,349,442,0.813894736842105,0.908734255626678,0.0948395187845724,"TRUE"
"931",1800,4334,354,395,0.82004555808656,0.916472827236202,0.0964272691496418,"TRUE"
"932",1703,4101,401,326,0.839329719073435,0.926360966794669,0.0870312477212338,"TRUE"
"933",1992,4557,313,489,0.802902055622733,0.903091557669441,0.100189502046708,"TRUE"
"934",1852,4242,384,412,0.818021201413428,0.911474000859476,0.0934527994460481,"TRUE"
"935",2045,3870,344,423,0.828606158833063,0.90146750524109,0.0728613464080269,"TRUE"
"936",1928,4515,337,449,0.811106436684897,0.909548751007252,0.0984423143223553,"TRUE"
"937",2046,3995,362,436,0.82433521353747,0.901602347099977,0.0772671335625077,"TRUE"
"938",1951,3981,342,460,0.809207797594359,0.896419725287097,0.0872119276927382,"TRUE"
"939",1826,4417,367,398,0.821043165467626,0.917341640706127,0.0962984752385008,"TRUE"
"940",2021,4140,371,419,0.82827868852459,0.908093880236894,0.0798151917123039,"TRUE"
"941",2022,4233,352,452,0.817299919159256,0.903521878335112,0.0862219591758558,"TRUE"
"942",2036,3158,439,364,0.848333333333333,0.896649630891539,0.0483162975582055,"TRUE"
"943",1855,4684,337,439,0.808631211857018,0.914308022642983,0.105676810785964,"TRUE"
"944",2036,4085,366,436,0.823624595469256,0.903561159035612,0.0799365635663559,"TRUE"
"945",1751,4604,362,410,0.81027302174919,0.918228958915038,0.107955937165848,"TRUE"
"946",1699,4395,395,383,0.816042267050913,0.919840937630808,0.103798670579895,"TRUE"
"947",1950,4261,356,432,0.818639798488665,0.907948007670999,0.0893082091823344,"TRUE"
"948",1723,4478,339,419,0.804388422035481,0.914437410659588,0.110048988624107,"TRUE"
"949",1843,4146,344,433,0.8097539543058,0.905437868530247,0.0956839142244471,"TRUE"
"950",1905,4162,340,432,0.815147625160462,0.905964301262516,0.0908166761020542,"TRUE"
"951",1753,3472,443,336,0.839157491622786,0.911764705882353,0.072607214259567,"TRUE"
"952",1789,4210,373,423,0.80877034358047,0.908698467515649,0.0999281239351785,"TRUE"
"953",2027,4417,332,489,0.805643879173291,0.900326131267835,0.0946822520945444,"TRUE"
"954",1957,4417,336,480,0.803036520311859,0.901980804574229,0.0989442842623703,"TRUE"
"955",1822,3742,382,398,0.820720720720721,0.903864734299517,0.0831440135787961,"TRUE"
"956",2098,4523,347,484,0.812548412083656,0.903335330537248,0.0907869184535918,"TRUE"
"957",1722,4239,367,374,0.821564885496183,0.918924777801864,0.0973598923056811,"TRUE"
"958",1702,4121,404,382,0.816698656429942,0.915167666000444,0.0984690095705018,"TRUE"
"959",2159,3176,436,364,0.855727308759413,0.897175141242938,0.0414478324835245,"TRUE"
"960",2011,4613,334,470,0.8105602579605,0.907534920322644,0.0969746623621444,"TRUE"
"961",1901,4737,320,444,0.810660980810235,0.914302258251303,0.103641277441068,"TRUE"
"962",1967,3559,376,411,0.827165685449958,0.89647355163728,0.0693078661873217,"TRUE"
"963",1680,4256,369,344,0.8300395256917,0.925217391304348,0.0951778656126483,"TRUE"
"964",1642,4600,330,440,0.78866474543708,0.912698412698413,0.124033667261333,"TRUE"
"965",2098,4076,354,447,0.824361493123772,0.901171788635861,0.0768102955120891,"TRUE"
"966",2074,4452,349,470,0.815251572327044,0.904510361641609,0.0892587893145651,"TRUE"
"967",2016,3844,380,387,0.838951310861423,0.908532261876625,0.0695809510152017,"TRUE"
"968",1876,4336,352,402,0.823529411764706,0.915154073448713,0.0916246616840067,"TRUE"
"969",1893,3894,382,367,0.837610619469027,0.913869983571931,0.0762593641029049,"TRUE"
"970",1863,4425,379,388,0.827632163482896,0.919384998961147,0.0917528354782504,"TRUE"
"971",1855,4362,341,425,0.81359649122807,0.911217881763108,0.0976213905350383,"TRUE"
"972",1855,4481,366,433,0.810751748251748,0.911884411884412,0.101132663632664,"TRUE"
"973",1921,4452,342,421,0.820239111870196,0.913605581777139,0.093366469906943,"TRUE"
"974",2066,4309,339,458,0.818541996830428,0.903922802601217,0.0853808057707888,"TRUE"
"975",1614,4080,415,344,0.824310520939734,0.922242314647378,0.0979317937076435,"TRUE"
"976",1879,4620,331,488,0.793831854668357,0.904463586530932,0.110631731862575,"TRUE"
"977",1879,4432,351,462,0.802648440837249,0.905598692276257,0.102950251439008,"TRUE"
"978",1913,3738,405,399,0.82742214532872,0.903553299492386,0.0761311541636661,"TRUE"
"979",1981,4659,334,469,0.808571428571429,0.908541341653666,0.0999699130822376,"TRUE"
"980",1857,4419,349,440,0.808445798868089,0.909446388145709,0.10100058927762,"TRUE"
"981",1854,4300,359,417,0.816380449141347,0.911596353614586,0.0952159044732381,"TRUE"
"982",1991,4028,354,432,0.821708625670656,0.903139013452915,0.0814303877822586,"TRUE"
"983",1852,4376,368,401,0.822015090989791,0.916056102156165,0.0940410111663735,"TRUE"
"984",1896,4118,362,417,0.819714656290532,0.908048511576626,0.0883338552860945,"TRUE"
"985",1756,3968,402,327,0.843014882381181,0.923864959254948,0.0808500768737667,"TRUE"
"986",1595,4475,375,360,0.815856777493606,0.925542916235781,0.109686138742175,"TRUE"
"987",2014,4498,353,459,0.814395471087748,0.90740367157555,0.093008200487802,"TRUE"
"988",1742,3635,406,363,0.827553444180523,0.909204602301151,0.081651158120628,"TRUE"
"989",2034,4145,356,411,0.831901840490798,0.909789288849868,0.0778874483590708,"TRUE"
"990",2107,4456,320,463,0.819844357976654,0.905875177881683,0.0860308199050296,"TRUE"
"991",1820,4498,366,432,0.808170515097691,0.91237322515213,0.104202710054439,"TRUE"
"992",1967,4408,360,418,0.824737945492662,0.913385826771654,0.0886478812789911,"TRUE"
"993",1805,4181,371,413,0.813796212804328,0.910100130605137,0.0963039178008089,"TRUE"
"994",1753,4090,356,413,0.80932594644506,0.908283366644459,0.0989574201993992,"TRUE"
"995",2025,4282,347,437,0.822502030869212,0.907395634668362,0.0848936037991499,"TRUE"
"996",1983,4079,369,417,0.82625,0.907250889679715,0.0810008896797153,"TRUE"
"997",1841,4366,360,432,0.809942806863176,0.909962484368487,0.10001967750531,"TRUE"
"998",2007,4240,342,423,0.825925925925926,0.909285867467296,0.0833599415413698,"TRUE"
"999",1731,4144,354,408,0.809256661991585,0.910369068541301,0.101112406549716,"TRUE"
"1000",1618,4194,388,344,0.82466870540265,0.924195680916703,0.099526975514053,"TRUE"
